countrycode,seriescode,Description
BGD,ST.INT.ARVL,Includes overnight visitors (tourists) only. Arrivals of non-resident tourists at national borders.
BGD,IS.RRS.GOOD.MT.K6,Source: Internation Union of Railways (UIC)
BGD,MS.MIL.XPND.ZS,1988-2008 SIPRI estimates.
BGD,SP.DYN.CBRT.IN,Data source: United Nations World Population Prospects
BGD,IT.NET.BBND,Bangladesh Telegraph and Telephone Board. From 2002: Bangladesh Telecommunication Regulatory Commission.
BGD,ST.INT.TVLX.CD,Compiled from data reported in the International Monetary Fund's Balance of Payment Statistics database.
BGD,DT.DOD.DECT.CD,Long-term public and publicly guaranteed debt data and long-term private nonguaranteed debt for 2024 are based on reports provided by the country. Short-term debt data for 2024 are sourced by the Quarterly External Debt Statistics database (http://datatopics.worldbank.org/debt/qeds). DSSI eligible and not participating in 2020 and 2021.
BGD,SP.DYN.CDRT.IN,Data source: United Nations World Population Prospects
BGD,EG.ELC.RNEW.ZS,"Sources: World Energy Statistics and Balances, IEA (2014)"
BGD,IT.CEL.SETS.P2,Bangladesh Telegraph and Telephone Board. From 2002: Bangladesh Telecommunication Regulatory Commission.
BGD,SP.DYN.AMRT.FE,Data source: United Nations World Population Prospects
BGD,SP.DYN.LE00.IN,Data source: United Nations World Population Prospects
BGD,SP.DYN.TFRT.IN,Data source: United Nations World Population Prospects
BGD,IT.NET.BBND.P2,Bangladesh Telegraph and Telephone Board. From 2002: Bangladesh Telecommunication Regulatory Commission.
BGD,ST.INT.RCPT.CD,Compiled from data reported in the International Monetary Fund's Balance of Payment Statistics database.
BGD,SM.POP.NETM,Data source: United Nations World Population Prospects
BGD,ST.INT.DPRT,Includes overnight visitors (tourists) only.
BGD,ST.INT.TRNX.CD,Compiled from data reported in the International Monetary Fund's Balance of Payment Statistics database.
BGD,IT.MLT.MAIN.P2,Bangladesh Telegraph and Telephone Board. From 2002: Bangladesh Telecommunication Regulatory Commission.
BGD,ST.INT.TRNR.CD,Compiled from data reported in the International Monetary Fund's Balance of Payment Statistics database.
BGD,SP.POP.TOTL,Data source: United Nations World Population Prospects
BGD,EG.EGY.PRIM.PP.KD,"Sources: World Energy Statistics and Balances, IEA (2014); World Development Indicators, WDI (2014)"
BGD,SP.DYN.LE00.FE.IN,Data source: United Nations World Population Prospects
BGD,SP.DYN.LE00.MA.IN,Data source: United Nations World Population Prospects
BGD,IT.NET.USER.ZS,Bangladesh Telegraph and Telephone Board. From 2002: Bangladesh Telecommunication Regulatory Commission.
BGD,SP.POP.GROW,Data source: United Nations World Population Prospects
BGD,IS.RRS.PASG.KM,Source: Internation Union of Railways (UIC)
BGD,IT.CEL.SETS,Bangladesh Telegraph and Telephone Board. From 2002: Bangladesh Telecommunication Regulatory Commission.
BGD,ST.INT.XPND.CD,Compiled from data reported in the International Monetary Fund's Balance of Payment Statistics database.
BGD,EG.FEC.RNEW.ZS,"Sources: World Energy Statistics and Balances, IEA (2014)"
BGD,IT.MLT.MAIN,Bangladesh Telegraph and Telephone Board. From 2002: Bangladesh Telecommunication Regulatory Commission.
BGD,SP.DYN.AMRT.MA,Data source: United Nations World Population Prospects
BGD,ST.INT.TVLR.CD,Compiled from data reported in the International Monetary Fund's Balance of Payment Statistics database.
BGD,SG.GEN.PARL.ZS,"In 2004, the number of seats in parliament was raised from 300 to 345, with the addition of 45 reserved seats for women. These reserved seats were filled in September and October 2005, being allocated to political parties in proportion to their share of the national vote received in the 2001 election. 
The parliament was dissolved on 27 October 2006, in view of elections that are yet to take place. Women held 52 of the 345 seats (15%) in the outgoing parliament. 
45 reserved seats reserved for women are yet to be filled in 2008."
BRN,IT.CEL.SETS,Jabatan Telekom Brunei (JTB). Ministry of Communications. From 2002: Authority for Info-communications Technology Industry of Brunei Darussalam (AiTi.)
BRN,EG.EGY.PRIM.PP.KD,"Sources: World Energy Statistics and Balances, IEA (2014); World Development Indicators, WDI (2014)"
BRN,EG.FEC.RNEW.ZS,"Sources: World Energy Statistics and Balances, IEA (2014)"
BRN,IT.MLT.MAIN.P2,Jabatan Telekom Brunei (JTB). Ministry of Communications. From 2002: Authority for Info-communications Technology Industry of Brunei Darussalam (AiTi.)
BRN,SP.POP.TOTL,Data source: United Nations World Population Prospects
BRN,ST.INT.TVLX.CD,Compiled from data reported in the International Monetary Fund's Balance of Payment Statistics database.
BRN,IT.NET.USER.ZS,Jabatan Telekom Brunei (JTB). Ministry of Communications. From 2002: Authority for Info-communications Technology Industry of Brunei Darussalam (AiTi.)
BRN,SP.DYN.AMRT.MA,Data source: United Nations World Population Prospects
BRN,SP.DYN.LE00.IN,Data source: United Nations World Population Prospects
BRN,IT.NET.BBND.P2,Jabatan Telekom Brunei (JTB). Ministry of Communications. From 2002: Authority for Info-communications Technology Industry of Brunei Darussalam (AiTi.)
BRN,SP.DYN.LE00.MA.IN,Data source: United Nations World Population Prospects
BRN,SP.DYN.LE00.FE.IN,Data source: United Nations World Population Prospects
BRN,SP.DYN.TFRT.IN,Data source: United Nations World Population Prospects
BRN,IT.MLT.MAIN,Jabatan Telekom Brunei (JTB). Ministry of Communications. From 2002: Authority for Info-communications Technology Industry of Brunei Darussalam (AiTi.)
BRN,SP.DYN.CBRT.IN,Data source: United Nations World Population Prospects
BRN,EG.ELC.RNEW.ZS,"Sources: World Energy Statistics and Balances, IEA (2014)"
BRN,IT.CEL.SETS.P2,Jabatan Telekom Brunei (JTB). Ministry of Communications. From 2002: Authority for Info-communications Technology Industry of Brunei Darussalam (AiTi.)
BRN,IT.NET.BBND,Jabatan Telekom Brunei (JTB). Ministry of Communications. From 2002: Authority for Info-communications Technology Industry of Brunei Darussalam (AiTi.)
BRN,SP.POP.GROW,Data source: United Nations World Population Prospects
BRN,ST.INT.ARVL,Includes overnight visitors (tourists) and same-day visitors (excursionists). Arrivals of non-resident visitors at national borders.
BRN,SM.POP.NETM,Data source: United Nations World Population Prospects
BRN,SP.DYN.CDRT.IN,Data source: United Nations World Population Prospects
BRN,SP.DYN.AMRT.FE,Data source: United Nations World Population Prospects
BRN,ST.INT.TVLR.CD,Compiled from data reported in the International Monetary Fund's Balance of Payment Statistics database.
BTN,IT.CEL.SETS.P2,"Bhutan Information, Communications and Media Authority, Ministry of Information and Communications."
BTN,SP.DYN.TFRT.IN,Data source: United Nations World Population Prospects
BTN,SP.POP.TOTL,Data source: United Nations World Population Prospects
BTN,ST.INT.XPND.CD,Compiled from data reported in the International Monetary Fund's Balance of Payment Statistics database.
BTN,ST.INT.TRNR.CD,Compiled from data reported in the International Monetary Fund's Balance of Payment Statistics database.
BTN,IT.NET.BBND.P2,"Bhutan Information, Communications and Media Authority, Ministry of Information and Communications."
BTN,EG.ELC.RNEW.ZS,Sources: UN Energy Statistics (2014)
BTN,ST.INT.DPRT,Includes overnight visitors (tourists) and same-day visitors (excursionists).
BTN,SP.DYN.LE00.MA.IN,Data source: United Nations World Population Prospects
BTN,IT.MLT.MAIN,"Bhutan Information, Communications and Media Authority, Ministry of Information and Communications."
BTN,DT.DOD.DECT.CD,Long-term public and publicly guaranteed debt data for 2024 are based on reports provided by the country. Long-term private nonguaranteed debt data for 2024 are World Bank staff estimates. Short-term debt data for 2024 are based on data from the BIS. DSSI eligible and not participating in 2020 or 2021.
BTN,ST.INT.ARVL,Includes overnight visitors (tourists) only. Arrivals of non-resident tourists at national borders. The huge margin of difference from 2010 as compared to the previous years is because starting from 2010 the regional high end tourists are included in the total figures.
BTN,EG.EGY.PRIM.PP.KD,"Sources: Estimated based on UN Energy Statistics (2014); World Development Indicators, WDI (2014)"
BTN,IT.MLT.MAIN.P2,"Bhutan Information, Communications and Media Authority, Ministry of Information and Communications."
BTN,SP.POP.GROW,Data source: United Nations World Population Prospects
BTN,ST.INT.TVLR.CD,Compiled from data reported in the International Monetary Fund's Balance of Payment Statistics database.
BTN,SP.DYN.AMRT.FE,Data source: United Nations World Population Prospects
BTN,SM.POP.NETM,Data source: United Nations World Population Prospects
BTN,ST.INT.RCPT.CD,Compiled from data reported in the International Monetary Fund's Balance of Payment Statistics database. 1995-2005: country data.
BTN,SP.DYN.LE00.IN,Data source: United Nations World Population Prospects
BTN,IT.CEL.SETS,"Bhutan Information, Communications and Media Authority, Ministry of Information and Communications."
BTN,SP.DYN.CBRT.IN,Data source: United Nations World Population Prospects
BTN,EG.FEC.RNEW.ZS,Sources: UN Energy Statistics (2014)
BTN,ST.INT.TRNX.CD,Compiled from data reported in the International Monetary Fund's Balance of Payment Statistics database.
BTN,ST.INT.TVLX.CD,Compiled from data reported in the International Monetary Fund's Balance of Payment Statistics database.
BTN,SP.DYN.CDRT.IN,Data source: United Nations World Population Prospects
BTN,IT.NET.BBND,"Bhutan Information, Communications and Media Authority, Ministry of Information and Communications."
BTN,SP.DYN.AMRT.MA,Data source: United Nations World Population Prospects
BTN,IT.NET.USER.ZS,"Bhutan Information, Communications and Media Authority, Ministry of Information and Communications."
BTN,SP.DYN.LE00.FE.IN,Data source: United Nations World Population Prospects
CHN,ST.INT.ARVL,"Includes overnight visitors (tourists) and same-day visitors (excursionists). Arrivals of non-resident visitors at national borders. Including ethnic Chinese arriving from ""Hong Kong, China"", ""Macao, China"", ""Taiwan, Province of China"" and overseas Chinese, of which most same-day visitors are from ""Hong Kong, China"" and ""Macao, China"". From 2016: including arrivals of non-residents visitors through border areas in China. The data are not comparable with those of previous years."
CHN,SP.POP.65UP.TO.ZS,"Excluding Hong Kong SAR, China; Macao SAR, China; Taiwan, China."
CHN,SP.DYN.LE00.FE.IN,Data source: United Nations World Population Prospects
CHN,EG.ELC.RNEW.ZS,"Sources: World Energy Statistics and Balances, IEA (2014)"
CHN,MS.MIL.XPND.CD,1989-2021 SIPRI estimates.
CHN,SP.POP.65UP.MA.ZS,"Excluding Hong Kong SAR, China; Macao SAR, China; Taiwan, China."
CHN,SP.POP.BRTH.MF,"The data for China do not include Hong Kong SAR, China; Macao SAR, China; and Taiwan, China."
CHN,SP.DYN.LE00.IN,Data source: United Nations World Population Prospects
CHN,SP.POP.65UP.FE.ZS,"Excluding Hong Kong SAR, China; Macao SAR, China; Taiwan, China."
CHN,SM.POP.NETM,Data source: United Nations World Population Prospects
CHN,SP.POP.1564.TO.ZS,"Excluding Hong Kong SAR, China; Macao SAR, China; Taiwan, China."
CHN,CM.MKT.TRNR,Method of calculation: Total domestic value of share trading of Shanghai Stock Exchange and Shenzhen Stock Exchange divided by the total domestic market capitalization of the two exchanges.
CHN,ST.INT.RCPT.CD,Compiled from data reported in the International Monetary Fund's Balance of Payment Statistics database.
CHN,ST.INT.TRNX.CD,Compiled from data reported in the International Monetary Fund's Balance of Payment Statistics database.
CHN,IT.MLT.MAIN.P2,Ministry of Information Industry (MII). Ministry of Industry and Information Technology.
CHN,DT.DOD.DECT.CD,Long-term public and publicly guaranteed and long-term private nonguaranteed debt data for 2024 are World Bank staff estimates based on country aggregate reports. Short-term debt data for 2024 are sourced by the Quarterly External Debt Statistics database (http://datatopics.worldbank.org/debt/qeds).
CHN,SP.DYN.LE00.MA.IN,Data source: United Nations World Population Prospects
CHN,EG.FEC.RNEW.ZS,"Sources: World Energy Statistics and Balances, IEA (2014)"
CHN,IS.RRS.GOOD.MT.K6,Source: OECD
CHN,ST.INT.TRNR.CD,Compiled from data reported in the International Monetary Fund's Balance of Payment Statistics database.
CHN,IT.NET.BBND,Ministry of Information Industry (MII). Ministry of Industry and Information Technology.
CHN,SP.POP.1564.MA.ZS,"Excluding Hong Kong SAR, China; Macao SAR, China; Taiwan, China."
CHN,SP.POP.1564.FE.ZS,"Excluding Hong Kong SAR, China; Macao SAR, China; Taiwan, China."
CHN,SP.POP.0014.TO.ZS,"Excluding Hong Kong SAR, China; Macao SAR, China; Taiwan, China."
CHN,ST.INT.XPND.CD,Compiled from data reported in the International Monetary Fund's Balance of Payment Statistics database.
CHN,SP.POP.0014.MA.ZS,"Excluding Hong Kong SAR, China; Macao SAR, China; Taiwan, China."
CHN,SP.DYN.AMRT.FE,"Data source: United Nations World Population Prospects. The data for China do not include Hong Kong SAR, China; Macao SAR, China; and Taiwan, China."
CHN,IT.MLT.MAIN,Ministry of Information Industry (MII). Ministry of Industry and Information Technology.
CHN,MS.MIL.XPND.ZS,1989-2021 SIPRI estimates.
CHN,SP.DYN.CDRT.IN,Data source: National Bureau of Statistics
CHN,MS.MIL.XPND.GD.ZS,1989-2021 SIPRI estimates.
CHN,SP.POP.0014.FE.ZS,"Excluding Hong Kong SAR, China; Macao SAR, China; Taiwan, China."
CHN,BX.KLT.DINV.CD.WD,Data based on BPM6.
CHN,ST.INT.DPRT,Includes overnight visitors (tourists) only. Including air crew members and other servicemen.
CHN,SP.DYN.TFRT.IN,Data source: United Nations World Population Prospects
CHN,SP.DYN.TO65.MA.ZS,"The data for China do not include Hong Kong SAR, China; Macao SAR, China; and Taiwan, China."
CHN,SP.DYN.TO65.FE.ZS,"The data for China do not include Hong Kong SAR, China; Macao SAR, China; and Taiwan, China."
CHN,ER.FSH.CAPT.MT,"In 2008, China revised its 2006 production statistics to reduce about 13 percent based on its Second National Agriculture Census conducted in 2007. This implied the downward adjustment of global capture production about 2 percent. Historical statistics of China for the period 1997-2005 were subsequently revised by FAO."
CHN,MS.MIL.XPND.CN,1989-2022 SIPRI estimates.
CHN,SP.DYN.AMRT.MA,"Data source: United Nations World Population Prospects. The data for China do not include Hong Kong SAR, China; Macao SAR, China; and Taiwan, China."
CHN,EG.EGY.PRIM.PP.KD,"Sources: World Energy Statistics and Balances, IEA (2014); World Development Indicators, WDI (2014)"
CHN,SM.POP.TOTL.ZS,"For statistical purposes, the data for China do not include Hong Kong and Macao, Special Administrative Regions (SAR) of China, and Taiwan, China."
CHN,IT.CEL.SETS.P2,Ministry of Information Industry (MII). Ministry of Industry and Information Technology.
CHN,SP.DYN.CBRT.IN,Data source: National Bureau of Statistics
CHN,ST.INT.TVLX.CD,Compiled from data reported in the International Monetary Fund's Balance of Payment Statistics database.
CHN,IT.CEL.SETS,Ministry of Information Industry (MII). Ministry of Industry and Information Technology.
CHN,IT.NET.BBND.P2,Ministry of Information Industry (MII). Ministry of Industry and Information Technology.
CHN,SP.POP.TOTL,Data source: National Bureau of Statistics
CHN,SM.POP.TOTL,"For statistical purposes, the data for China do not include Hong Kong and Macao, Special Administrative Regions (SAR) of China, and Taiwan, China."
CHN,SP.POP.TOTL.MA.ZS,"Excluding Hong Kong SAR, China; Macao SAR, China; Taiwan, China."
CHN,SP.ADO.TFRT,"The data for China do not include Hong Kong SAR, China; Macao SAR, China; and Taiwan, China."
CHN,IT.NET.USER.ZS,Ministry of Information Industry (MII). Ministry of Industry and Information Technology.
CHN,SP.POP.TOTL.FE.ZS,"Excluding Hong Kong SAR, China; Macao SAR, China; Taiwan, China."
CHN,ST.INT.TVLR.CD,Compiled from data reported in the International Monetary Fund's Balance of Payment Statistics database.
CHN,SP.POP.GROW,Data source: National Bureau of Statistics
CHN,IS.RRS.PASG.KM,Source: OECD
HKG,ST.INT.TRNR.CD,"Compiled from data reported by the country. The expenditure figures used were the ones provided by the country to UNWTO, as this data series is more complete than that provided by the International Monetary Fund (IMF) (Source: HKTB Visitors Survey).
2020: IMF data, not comparable with those of previous years."
HKG,SP.POP.TOTL,Data source: Census and Statistics Department
HKG,SP.DYN.TFRT.IN,"Data source: Census and Statistics Department, United Nations World Population Prospects"
HKG,ST.INT.RCPT.CD,"Compiled from data reported by the country. The expenditure figures used were the ones provided by the country to UNWTO, as this data series is more complete than that provided by the International Monetary Fund (IMF) (Source: HKTB Visitors Survey).
2020: IMF data, not comparable with those of previous years."
HKG,SM.POP.NETM,Data source: United Nations World Population Prospects
HKG,EG.ELC.RNEW.ZS,"Sources: World Energy Statistics and Balances, IEA (2014)"
HKG,SP.DYN.LE00.MA.IN,"Data source: Census and Statistics Department, United Nations World Population Prospects"
HKG,ST.INT.TVLX.CD,Compiled from data reported by the country. Source: Census and Statistics Department.
HKG,SP.DYN.AMRT.FE,Data source: United Nations World Population Prospects
HKG,SM.POP.TOTL,"For statistical purposes, the data for China do not include this area."
HKG,SP.DYN.AMRT.MA,Data source: United Nations World Population Prospects
HKG,SM.POP.TOTL.ZS,"For statistical purposes, the data for China do not include this area."
HKG,EG.FEC.RNEW.ZS,"Sources: World Energy Statistics and Balances, IEA (2014)"
HKG,SP.DYN.CDRT.IN,Data source: Census and Statistics Department
HKG,SP.DYN.LE00.IN,Derived using male and female life expectancy
HKG,IT.CEL.SETS.P2,Office of the Telecommunications Authority (OFTA).
HKG,SP.POP.GROW,Data source: Census and Statistics Department
HKG,ST.INT.ARVL,Includes overnight visitors (tourists) and same-day visitors (excursionists). Arrivals of non-resident visitors at national borders.
HKG,SP.DYN.LE00.FE.IN,"Data source: Census and Statistics Department, United Nations World Population Prospects"
HKG,IT.CEL.SETS,Office of the Telecommunications Authority (OFTA).
HKG,IT.NET.BBND.P2,Office of the Telecommunications Authority (OFTA).
HKG,SP.DYN.CBRT.IN,Data source: Census and Statistics Department
HKG,ST.INT.TVLR.CD,"Compiled from data reported by the country. The expenditure figures used were the ones provided by the country to UNWTO, as this data series is more complete than that provided by the International Monetary Fund (IMF) (Source: HKTB Visitors Survey).
2020: IMF data, not comparable with those of previous years."
HKG,IS.RRS.GOOD.MT.K6,Source: Internation Union of Railways (UIC)
HKG,ST.INT.DPRT,Includes overnight visitors (tourists) and same-day visitors (excursionists).
HKG,IT.MLT.MAIN.P2,Office of the Telecommunications Authority (OFTA).
HKG,IT.NET.USER.ZS,Office of the Telecommunications Authority (OFTA).
HKG,IT.NET.BBND,Office of the Telecommunications Authority (OFTA).
HKG,EG.EGY.PRIM.PP.KD,"Sources: World Energy Statistics and Balances, IEA (2014); World Development Indicators, WDI (2014)"
HKG,IT.MLT.MAIN,Office of the Telecommunications Authority (OFTA).
IDN,DT.DOD.DECT.CD,"Long-term public and publicly guaranteed debt, long-term private non-guaranteed debt, and short-term debt data for 2024 are based on reports provided by the country."
IDN,IS.RRS.PASG.KM,Source: Internation Union of Railways (UIC) & Indonesia Transport Statistics Book
IDN,SP.DYN.CBRT.IN,Data source: United Nations World Population Prospects
IDN,ST.INT.TRNR.CD,Compiled from data reported in the International Monetary Fund's Balance of Payment Statistics database.
IDN,EG.ELC.RNEW.ZS,"Sources: World Energy Statistics and Balances, IEA (2014)"
IDN,ST.INT.DPRT,Includes overnight visitors (tourists) only.
IDN,IT.CEL.SETS,"Directorate General of Posts and Telecommunications (POSTEL), PT Indosat, PT Telekom."
IDN,IT.MLT.MAIN,"Directorate General of Posts and Telecommunications (POSTEL), PT Indosat, PT Telekom."
IDN,SP.DYN.CDRT.IN,Data source: United Nations World Population Prospects
IDN,IS.RRS.GOOD.MT.K6,Source: Internation Union of Railways (UIC) & Indonesia Transport Statistics Book
IDN,IT.NET.USER.ZS,"Directorate General of Posts and Telecommunications (POSTEL), PT Indosat, PT Telekom."
IDN,SP.POP.TOTL,Data source: United Nations World Population Prospects
IDN,IT.NET.BBND.P2,"Directorate General of Posts and Telecommunications (POSTEL), PT Indosat, PT Telekom."
IDN,ST.INT.TVLR.CD,Compiled from data reported in the International Monetary Fund's Balance of Payment Statistics database.
IDN,IT.CEL.SETS.P2,"Directorate General of Posts and Telecommunications (POSTEL), PT Indosat, PT Telekom."
IDN,IT.MLT.MAIN.P2,"Directorate General of Posts and Telecommunications (POSTEL), PT Indosat, PT Telekom."
IDN,SP.DYN.LE00.IN,Data source: United Nations World Population Prospects
IDN,MS.MIL.XPND.CN,1974-1994 SIPRI estimates.
IDN,MS.MIL.XPND.GD.ZS,1974-1994 SIPRI estimates.
IDN,EG.EGY.PRIM.PP.KD,"Sources: World Energy Statistics and Balances, IEA (2014); World Development Indicators, WDI (2014)"
IDN,IT.NET.BBND,"Directorate General of Posts and Telecommunications (POSTEL), PT Indosat, PT Telekom."
IDN,ST.INT.XPND.CD,Compiled from data reported in the International Monetary Fund's Balance of Payment Statistics database.
IDN,SM.POP.NETM,Data source: United Nations World Population Prospects
IDN,SP.DYN.TFRT.IN,Data source: United Nations World Population Prospects
IDN,SP.DYN.AMRT.FE,Data source: United Nations World Population Prospects
IDN,SP.POP.GROW,Data source: United Nations World Population Prospects
IDN,SP.DYN.AMRT.MA,Data source: United Nations World Population Prospects
IDN,ST.INT.RCPT.CD,Compiled from data reported in the International Monetary Fund's Balance of Payment Statistics database.
IDN,SP.DYN.LE00.MA.IN,Data source: United Nations World Population Prospects
IDN,MS.MIL.XPND.CD,1974-1994 SIPRI estimates.
IDN,ST.INT.ARVL,Includes overnight visitors (tourists) and same-day visitors (excursionists). Arrivals of non-resident visitors at national borders.
IDN,MS.MIL.XPND.ZS,1974-1994 SIPRI estimates.
IDN,EG.FEC.RNEW.ZS,"Sources: World Energy Statistics and Balances, IEA (2014)"
IDN,ST.INT.TRNX.CD,Compiled from data reported in the International Monetary Fund's Balance of Payment Statistics database.
IDN,IS.RRS.TOTL.KM,Source: Internation Union of Railways (UIC) & Indonesia Transport Statistics Book
IDN,ST.INT.TVLX.CD,Compiled from data reported in the International Monetary Fund's Balance of Payment Statistics database.
IDN,SP.DYN.LE00.FE.IN,Data source: United Nations World Population Prospects
IND,ST.INT.XPND.CD,Compiled from data reported in the International Monetary Fund's Balance of Payment Statistics database.
IND,CM.MKT.TRNR,Source: BSE India: https://www.bseindia.com/markets/equity/EQReports/allindiamktcap.aspx
IND,IT.NET.BBND,Department of Telecommunications (DOT). Ministry of Communications and Information Technology.
IND,IT.CEL.SETS.P2,Department of Telecommunications (DOT). Ministry of Communications and Information Technology.
IND,ST.INT.RCPT.CD,Compiled from data reported in the International Monetary Fund's Balance of Payment Statistics database.
IND,IT.NET.USER.ZS,Department of Telecommunications (DOT). Ministry of Communications and Information Technology.
IND,SP.POP.GROW,Data source: United Nations World Population Prospects
IND,SP.DYN.LE00.FE.IN,Data source: United Nations World Population Prospects
IND,ST.INT.DPRT,"Includes overnight visitors (tourists) only. Departures of nationals only, irrespective of purpose."
IND,ST.INT.TVLX.CD,Compiled from data reported in the International Monetary Fund's Balance of Payment Statistics database.
IND,IS.RRS.PASG.KM,Source: OECD
IND,SP.DYN.CBRT.IN,"Data source: United Nations Population and Vital Statistics Report, Sample Registration System, United Nations World Population Prospects"
IND,SL.TLF.ACTI.1524.MA.ZS,"The reference period covers the calendar year for the ILO-modeled estimates. In contrast, the corresponding national estimate series, based on the Periodic Labour Force Survey (PLFS), refers to the period from July to June. While the trends align in normal circumstances, in 2020, a significant economic and labor market impact (due to the COVID pandemic) contributed to the divergences between the PLFS-based and ILO-modeled estimates."
IND,SL.TLF.ACTI.1524.FE.ZS,"The reference period covers the calendar year for the ILO-modeled estimates. In contrast, the corresponding national estimate series, based on the Periodic Labour Force Survey (PLFS), refers to the period from July to June. While the trends align in normal circumstances, in 2020, a significant economic and labor market impact (due to the COVID pandemic) contributed to the divergences between the PLFS-based and ILO-modeled estimates."
IND,SL.EMP.TOTL.SP.ZS,"The reference period covers the calendar year for the ILO-modeled estimates. In contrast, the corresponding national estimate series, based on the Periodic Labour Force Survey (PLFS), refers to the period from July to June. While the trends align in normal circumstances, in 2020, a significant economic and labor market impact (due to the COVID pandemic) contributed to the divergences between the PLFS-based and ILO-modeled estimates."
IND,SL.TLF.ACTI.1524.ZS,"The reference period covers the calendar year for the ILO-modeled estimates. In contrast, the corresponding national estimate series, based on the Periodic Labour Force Survey (PLFS), refers to the period from July to June. While the trends align in normal circumstances, in 2020, a significant economic and labor market impact (due to the COVID pandemic) contributed to the divergences between the PLFS-based and ILO-modeled estimates."
IND,ST.INT.TRNR.CD,Compiled from data reported in the International Monetary Fund's Balance of Payment Statistics database.
IND,SL.EMP.TOTL.SP.MA.ZS,"The reference period covers the calendar year for the ILO-modeled estimates. In contrast, the corresponding national estimate series, based on the Periodic Labour Force Survey (PLFS), refers to the period from July to June. While the trends align in normal circumstances, in 2020, a significant economic and labor market impact (due to the COVID pandemic) contributed to the divergences between the PLFS-based and ILO-modeled estimates."
IND,SL.EMP.TOTL.SP.FE.ZS,"The reference period covers the calendar year for the ILO-modeled estimates. In contrast, the corresponding national estimate series, based on the Periodic Labour Force Survey (PLFS), refers to the period from July to June. While the trends align in normal circumstances, in 2020, a significant economic and labor market impact (due to the COVID pandemic) contributed to the divergences between the PLFS-based and ILO-modeled estimates."
IND,SP.DYN.CDRT.IN,"Data source: United Nations Population and Vital Statistics Report, Sample Registration System, United Nations World Population Prospects"
IND,SP.POP.TOTL,Data source: United Nations World Population Prospects
IND,MS.MIL.XPND.GD.ZS,1960-1987 SIPRI estimates.
IND,SL.TLF.CACT.FE.ZS,"The reference period covers the calendar year for the ILO-modeled estimates. In contrast, the corresponding national estimate series, based on the Periodic Labour Force Survey (PLFS), refers to the period from July to June. While the trends align in normal circumstances, in 2020, a significant economic and labor market impact (due to the COVID pandemic) contributed to the divergences between the PLFS-based and ILO-modeled estimates."
IND,SL.TLF.CACT.FM.ZS,"The reference period covers the calendar year for the ILO-modeled estimates. In contrast, the corresponding national estimate series, based on the Periodic Labour Force Survey (PLFS), refers to the period from July to June. While the trends align in normal circumstances, in 2020, a significant economic and labor market impact (due to the COVID pandemic) contributed to the divergences between the PLFS-based and ILO-modeled estimates."
IND,SL.TLF.CACT.MA.ZS,"The reference period covers the calendar year for the ILO-modeled estimates. In contrast, the corresponding national estimate series, based on the Periodic Labour Force Survey (PLFS), refers to the period from July to June. While the trends align in normal circumstances, in 2020, a significant economic and labor market impact (due to the COVID pandemic) contributed to the divergences between the PLFS-based and ILO-modeled estimates."
IND,SL.TLF.CACT.ZS,"The reference period covers the calendar year for the ILO-modeled estimates. In contrast, the corresponding national estimate series, based on the Periodic Labour Force Survey (PLFS), refers to the period from July to June. While the trends align in normal circumstances, in 2020, a significant economic and labor market impact (due to the COVID pandemic) contributed to the divergences between the PLFS-based and ILO-modeled estimates."
IND,SL.UEM.1524.FE.ZS,"The reference period covers the calendar year for the ILO-modeled estimates. In contrast, the corresponding national estimate series, based on the Periodic Labour Force Survey (PLFS), refers to the period from July to June. While the trends align in normal circumstances, in 2020, a significant economic and labor market impact (due to the COVID pandemic) contributed to the divergences between the PLFS-based and ILO-modeled estimates."
IND,SL.UEM.1524.MA.ZS,"The reference period covers the calendar year for the ILO-modeled estimates. In contrast, the corresponding national estimate series, based on the Periodic Labour Force Survey (PLFS), refers to the period from July to June. While the trends align in normal circumstances, in 2020, a significant economic and labor market impact (due to the COVID pandemic) contributed to the divergences between the PLFS-based and ILO-modeled estimates."
IND,ST.INT.ARVL,Includes overnight visitors (tourists) only. Arrivals of non-resident tourists at national borders. From 2014 including nationals residing abroad.
IND,EG.FEC.RNEW.ZS,"Sources: World Energy Statistics and Balances, IEA (2014)"
IND,ST.INT.TVLR.CD,Compiled from data reported in the International Monetary Fund's Balance of Payment Statistics database.
IND,SL.UEM.1524.ZS,"The reference period covers the calendar year for the ILO-modeled estimates. In contrast, the corresponding national estimate series, based on the Periodic Labour Force Survey (PLFS), refers to the period from July to June. While the trends align in normal circumstances, in 2020, a significant economic and labor market impact (due to the COVID pandemic) contributed to the divergences between the PLFS-based and ILO-modeled estimates."
IND,SL.UEM.TOTL.FE.ZS,"The reference period covers the calendar year for the ILO-modeled estimates. In contrast, the corresponding national estimate series, based on the Periodic Labour Force Survey (PLFS), refers to the period from July to June. While the trends align in normal circumstances, in 2020, a significant economic and labor market impact (due to the COVID pandemic) contributed to the divergences between the PLFS-based and ILO-modeled estimates."
IND,SL.UEM.TOTL.MA.ZS,"The reference period covers the calendar year for the ILO-modeled estimates. In contrast, the corresponding national estimate series, based on the Periodic Labour Force Survey (PLFS), refers to the period from July to June. While the trends align in normal circumstances, in 2020, a significant economic and labor market impact (due to the COVID pandemic) contributed to the divergences between the PLFS-based and ILO-modeled estimates."
IND,SL.EMP.1524.SP.ZS,"The reference period covers the calendar year for the ILO-modeled estimates. In contrast, the corresponding national estimate series, based on the Periodic Labour Force Survey (PLFS), refers to the period from July to June. While the trends align in normal circumstances, in 2020, a significant economic and labor market impact (due to the COVID pandemic) contributed to the divergences between the PLFS-based and ILO-modeled estimates."
IND,SL.EMP.1524.SP.MA.ZS,"The reference period covers the calendar year for the ILO-modeled estimates. In contrast, the corresponding national estimate series, based on the Periodic Labour Force Survey (PLFS), refers to the period from July to June. While the trends align in normal circumstances, in 2020, a significant economic and labor market impact (due to the COVID pandemic) contributed to the divergences between the PLFS-based and ILO-modeled estimates."
IND,SP.DYN.LE00.MA.IN,Data source: United Nations World Population Prospects
IND,MS.MIL.XPND.CN,1960-1987 SIPRI estimates.
IND,DT.DOD.DECT.CD,"Long-term public and publicly guaranteed, long-term private nonguaranteed and short-term debt data for 2024 are based on reports provided by the country."
IND,ST.INT.TRNX.CD,Compiled from data reported in the International Monetary Fund's Balance of Payment Statistics database.
IND,IT.CEL.SETS,Department of Telecommunications (DOT). Ministry of Communications and Information Technology.
IND,SL.UEM.TOTL.ZS,"The reference period covers the calendar year for the ILO-modeled estimates. In contrast, the corresponding national estimate series, based on the Periodic Labour Force Survey (PLFS), refers to the period from July to June. While the trends align in normal circumstances, in 2020, a significant economic and labor market impact (due to the COVID pandemic) contributed to the divergences between the PLFS-based and ILO-modeled estimates."
IND,SP.DYN.TFRT.IN,Data source: United Nations World Population Prospects
IND,SP.DYN.AMRT.FE,Data source: United Nations World Population Prospects
IND,SL.EMP.1524.SP.FE.ZS,"The reference period covers the calendar year for the ILO-modeled estimates. In contrast, the corresponding national estimate series, based on the Periodic Labour Force Survey (PLFS), refers to the period from July to June. While the trends align in normal circumstances, in 2020, a significant economic and labor market impact (due to the COVID pandemic) contributed to the divergences between the PLFS-based and ILO-modeled estimates."
IND,EG.ELC.ACCS.ZS,"2001 and 2011 represent census data, while the modeled estimates follow linear projections for the other years based on the overall country trend in household surveys."
IND,EG.ELC.ACCS.UR.ZS,"2001 and 2011 represent census data, while the modeled estimates follow linear projections for the other years based on the overall country trend in household surveys."
IND,EG.ELC.ACCS.RU.ZS,"2001 and 2011 represent census data, while the modeled estimates follow linear projections for the other years based on the overall country trend in household surveys."
IND,DT.DOD.DPPG.CD,Data prior to 2003 are mechanically adjusted from fiscal year to calendar year.
IND,DT.DOD.DPNG.CD,Data prior to 2003 are mechanically adjusted from fiscal year to calendar year.
IND,CM.MKT.TRAD.CD,Source: BSE India: https://www.bseindia.com/markets/equity/EQReports/allindiamktcap.aspx
IND,CM.MKT.LDOM.NO,Source: World Federation of Exchanges & BSE India: https://www.bseindia.com/markets/equity/EQReports/allindiamktcap.aspx
IND,CM.MKT.LCAP.CD,Source: BSE India: https://www.bseindia.com/markets/equity/EQReports/allindiamktcap.aspx
IND,MS.MIL.XPND.ZS,1960-1987 SIPRI estimates.
IND,MS.MIL.XPND.CD,1960-1987 SIPRI estimates.
IND,SP.DYN.AMRT.MA,Data source: United Nations World Population Prospects
IND,EG.EGY.PRIM.PP.KD,"Sources: World Energy Statistics and Balances, IEA (2014); World Development Indicators, WDI (2014)"
IND,SM.POP.NETM,Data source: United Nations World Population Prospects
IND,SP.DYN.LE00.IN,Data source: United Nations World Population Prospects
IND,IT.MLT.MAIN,Department of Telecommunications (DOT). Ministry of Communications and Information Technology.
IND,IT.MLT.MAIN.P2,Department of Telecommunications (DOT). Ministry of Communications and Information Technology.
IND,IT.NET.BBND.P2,Department of Telecommunications (DOT). Ministry of Communications and Information Technology.
IND,IS.RRS.GOOD.MT.K6,Source: OECD
IND,EG.ELC.RNEW.ZS,"Sources: World Energy Statistics and Balances, IEA (2014)"
JPN,ST.INT.RCPT.CD,Compiled from data reported in the International Monetary Fund's Balance of Payment Statistics database.
JPN,IT.NET.BBND,Ministry of Internal Affairs and Communications (MIC); Telecommunications Carriers Associations (TCA).
JPN,IS.RRS.GOOD.MT.K6,Source: OECD
JPN,MS.MIL.XPND.CD,1960-1964 SIPRI estimates.
JPN,IT.CEL.SETS,Ministry of Internal Affairs and Communications (MIC); Telecommunications Carriers Associations (TCA).
JPN,ST.INT.TVLR.CD,"Compiled from data reported in the International Monetary Fund's Balance of Payment Statistics database. 2003: the calculation method has been changed since January 2003.
2006: the calculation method has been changed since January 2006."
JPN,SP.DYN.LE00.FE.IN,"Data source: Ministry of Internal Affairs and Communications, Statistics Bureau"
JPN,EG.ELC.RNEW.ZS,"Sources: World Energy Statistics and Balances, IEA (2014)"
JPN,CM.MKT.TRNR,Method of calculation: Data is taken from Japan Exchange Group
JPN,EG.EGY.PRIM.PP.KD,"Sources: World Energy Statistics and Balances, IEA (2014); World Development Indicators, WDI (2014)"
JPN,ST.INT.ARVL,Includes overnight visitors (tourists) and same-day visitors (excursionists). Arrivals of non-resident visitors at national borders. Excluding nationals residing abroad.
JPN,SP.DYN.TFRT.IN,"Data source: Ministry of Internal Affairs and Communications, Statistics Bureau"
JPN,SP.DYN.LE00.IN,Derived using male and female life expectancy
JPN,IT.NET.USER.ZS,Ministry of Internal Affairs and Communications (MIC); Telecommunications Carriers Associations (TCA).
JPN,SP.POP.TOTL,Data source: Statistics Bureau of Japan
JPN,SP.DYN.AMRT.MA,"Data source: HMD. Human Mortality Database. Max Planck Institute for Demographic Research (Germany), University of California, Berkeley (USA), and French Institute for Demographic Studies (France). Available at www.mortality.org."
JPN,IT.NET.BBND.P2,Ministry of Internal Affairs and Communications (MIC); Telecommunications Carriers Associations (TCA).
JPN,IT.MLT.MAIN.P2,Ministry of Internal Affairs and Communications (MIC); Telecommunications Carriers Associations (TCA).
JPN,ST.INT.XPND.CD,Compiled from data reported in the International Monetary Fund's Balance of Payment Statistics database.
JPN,ST.INT.TRNR.CD,Compiled from data reported in the International Monetary Fund's Balance of Payment Statistics database.
JPN,SM.POP.NETM,Data source: United Nations World Population Prospects
JPN,MS.MIL.XPND.ZS,1960-1964 SIPRI estimates.
JPN,SP.DYN.LE00.MA.IN,"Data source: Ministry of Internal Affairs and Communications, Statistics Bureau"
JPN,MS.MIL.XPND.CN,1960-1964 SIPRI estimates.
JPN,ST.INT.TRNX.CD,Compiled from data reported in the International Monetary Fund's Balance of Payment Statistics database.
JPN,ST.INT.TVLX.CD,Compiled from data reported in the International Monetary Fund's Balance of Payment Statistics database. 2003: the calculation method has been changed since January 2003. 2006: the calculation method has been changed since January 2006.
JPN,SP.DYN.AMRT.FE,"Data source: HMD. Human Mortality Database. Max Planck Institute for Demographic Research (Germany), University of California, Berkeley (USA), and French Institute for Demographic Studies (France). Available at www.mortality.org."
JPN,IT.CEL.SETS.P2,Ministry of Internal Affairs and Communications (MIC); Telecommunications Carriers Associations (TCA).
JPN,IS.RRS.PASG.KM,Source: OECD
JPN,IT.MLT.MAIN,Ministry of Internal Affairs and Communications (MIC); Telecommunications Carriers Associations (TCA).
JPN,SP.DYN.CBRT.IN,"Data source: Ministry of Internal Affairs and Communications, Statistics Bureau; United Nations Population and Vital Statistics Report"
JPN,SP.POP.GROW,Data source: Statistics Bureau of Japan
JPN,MS.MIL.XPND.GD.ZS,1960-1964 SIPRI estimates.
JPN,EG.FEC.RNEW.ZS,"Sources: World Energy Statistics and Balances, IEA (2014)"
JPN,ST.INT.DPRT,Includes overnight visitors (tourists) and same-day visitors (excursionists).
JPN,SP.DYN.CDRT.IN,"Data source: Ministry of Internal Affairs and Communications, Statistics Bureau; United Nations Population and Vital Statistics Report"
KHM,IT.MLT.MAIN.P2,Ministry of Post and Telecommunications (MPTC).
KHM,ST.INT.TVLX.CD,Compiled from data reported in the International Monetary Fund's Balance of Payment Statistics database.
KHM,ST.INT.TRNR.CD,Compiled from data reported in the International Monetary Fund's Balance of Payment Statistics database.
KHM,ST.INT.DPRT,Includes overnight visitors (tourists) only.
KHM,ST.INT.ARVL,Includes overnight visitors (tourists) only. Arrivals of non-resident tourists at national borders. 1995-1997: arrivals by air. From 1998 arrivals by all means of transport.
KHM,SP.DYN.CBRT.IN,Data source: United Nations World Population Prospects
KHM,SP.DYN.AMRT.MA,Data source: United Nations World Population Prospects
KHM,MS.MIL.XPND.ZS,1986-1993 SIPRI estimates.
KHM,IT.CEL.SETS.P2,Ministry of Post and Telecommunications (MPTC).
KHM,IT.CEL.SETS,Ministry of Post and Telecommunications (MPTC).
KHM,SM.POP.NETM,Data source: United Nations World Population Prospects
KHM,SP.DYN.TFRT.IN,Data source: United Nations World Population Prospects
KHM,EG.ELC.RNEW.ZS,"Sources: World Energy Statistics and Balances, IEA (2014)"
KHM,SP.POP.GROW,Data source: United Nations World Population Prospects
KHM,IS.RRS.PASG.KM,Source: Internation Union of Railways (UIC)
KHM,SP.DYN.CDRT.IN,Data source: United Nations World Population Prospects
KHM,ST.INT.XPND.CD,Compiled from data reported in the International Monetary Fund's Balance of Payment Statistics database.
KHM,MS.MIL.XPND.CN,1986-1993 SIPRI estimates.
KHM,MS.MIL.XPND.CD,1986-1993 SIPRI estimates.
KHM,DT.DOD.DECT.CD,"Long-term public and publicly guaranteed, long-term private nonguaranteed and short-term debt data for 2024 are based on reports provided by the country.  Data include the effects of MDRI debt relief. DSSI eligible and not participating in 2020 and 2021."
KHM,IT.NET.BBND.P2,Ministry of Post and Telecommunications (MPTC).
KHM,ST.INT.TRNX.CD,Compiled from data reported in the International Monetary Fund's Balance of Payment Statistics database.
KHM,ST.INT.TVLR.CD,Compiled from data reported in the International Monetary Fund's Balance of Payment Statistics database.
KHM,SP.DYN.LE00.IN,Data source: United Nations World Population Prospects
KHM,SP.DYN.LE00.FE.IN,Data source: United Nations World Population Prospects
KHM,SP.DYN.AMRT.FE,Data source: United Nations World Population Prospects
KHM,IT.NET.USER.ZS,Ministry of Post and Telecommunications (MPTC).
KHM,ST.INT.RCPT.CD,Compiled from data reported in the International Monetary Fund's Balance of Payment Statistics database.
KHM,EG.FEC.RNEW.ZS,"Sources: World Energy Statistics and Balances, IEA (2014)"
KHM,MS.MIL.XPND.GD.ZS,1986-1993 SIPRI estimates.
KHM,IT.MLT.MAIN,Ministry of Post and Telecommunications (MPTC).
KHM,SP.POP.TOTL,Data source: United Nations World Population Prospects
KHM,IS.RRS.GOOD.MT.K6,Source: Internation Union of Railways (UIC)
KHM,EG.EGY.PRIM.PP.KD,"Sources: World Energy Statistics and Balances, IEA (2014); World Development Indicators, WDI (2014)"
KHM,SP.DYN.LE00.MA.IN,Data source: United Nations World Population Prospects
KHM,IT.NET.BBND,Ministry of Post and Telecommunications (MPTC).
KOR,SM.POP.NETM,Data source: United Nations World Population Prospects
KOR,IT.CEL.SETS.P2,Ministry of Information and Communication. Korea Communications Commission.
KOR,MS.MIL.XPND.ZS,1960-2004 SIPRI estimates.
KOR,SP.DYN.LE00.FE.IN,"Data source: Korean Statistical Information Service, United Nations World Population Prospects"
KOR,ST.INT.TVLR.CD,Compiled from data reported in the International Monetary Fund's Balance of Payment Statistics database.
KOR,ST.INT.ARVL,Includes overnight visitors (tourists) and same-day visitors (excursionists). Arrivals of non-resident visitors at national borders. Including nationals residing abroad and crew members.
KOR,SP.POP.TOTL,Data source: Korean Statistical Information Service
KOR,EG.ELC.RNEW.ZS,"Sources: World Energy Statistics and Balances, IEA (2014)"
KOR,MS.MIL.XPND.GD.ZS,1960-2004 SIPRI estimates.
KOR,SP.POP.GROW,Data source: Korean Statistical Information Service
KOR,ST.INT.TRNR.CD,Compiled from data reported in the International Monetary Fund's Balance of Payment Statistics database.
KOR,IT.NET.USER.ZS,Ministry of Information and Communication. Korea Communications Commission.
KOR,IS.RRS.GOOD.MT.K6,Source: OECD
KOR,SP.DYN.LE00.IN,Derived using male and female life expectancy
KOR,SP.DYN.AMRT.FE,Data source: United Nations World Population Prospects
KOR,ST.INT.TVLX.CD,Compiled from data reported in the International Monetary Fund's Balance of Payment Statistics database.
KOR,IS.RRS.PASG.KM,Source: OECD
KOR,SP.DYN.CDRT.IN,Data source: Korean Statistical Information Service
KOR,IT.CEL.SETS,Ministry of Information and Communication. Korea Communications Commission.
KOR,IT.MLT.MAIN.P2,Ministry of Information and Communication. Korea Communications Commission.
KOR,ST.INT.RCPT.CD,Compiled from data reported in the International Monetary Fund's Balance of Payment Statistics database.
KOR,ST.INT.TRNX.CD,Compiled from data reported in the International Monetary Fund's Balance of Payment Statistics database.
KOR,ST.INT.DPRT,Includes overnight visitors (tourists) and same-day visitors (excursionists).
KOR,SP.DYN.TFRT.IN,"Data source: Korean Statistical Information Service, United Nations World Population Prospects"
KOR,EG.FEC.RNEW.ZS,"Sources: World Energy Statistics and Balances, IEA (2014)"
KOR,ST.INT.XPND.CD,Compiled from data reported in the International Monetary Fund's Balance of Payment Statistics database.
KOR,IT.NET.BBND,Ministry of Information and Communication. Korea Communications Commission.
KOR,SP.DYN.LE00.MA.IN,"Data source: Korean Statistical Information Service, United Nations World Population Prospects"
KOR,EG.EGY.PRIM.PP.KD,"Sources: World Energy Statistics and Balances, IEA (2014); World Development Indicators, WDI (2014)"
KOR,IT.NET.BBND.P2,Ministry of Information and Communication. Korea Communications Commission.
KOR,SP.DYN.CBRT.IN,Data source: Korean Statistical Information Service
KOR,MS.MIL.XPND.CD,1960-2004 SIPRI estimates.
KOR,SP.DYN.AMRT.MA,Data source: United Nations World Population Prospects
KOR,MS.MIL.XPND.CN,1960-2004 SIPRI estimates.
KOR,IT.MLT.MAIN,Ministry of Information and Communication. Korea Communications Commission.
LAO,IT.MLT.MAIN,"Lao Telecommunications Co., Ltd.; Ministère des communications, transports, postes et de la construction. National Authority of Post and Telecommunication."
LAO,EG.EGY.PRIM.PP.KD,"Sources: Estimated based on UN Energy Statistics (2014); World Development Indicators, WDI (2014)"
LAO,SP.DYN.CBRT.IN,Data source: United Nations World Population Prospects
LAO,SM.POP.NETM,Data source: United Nations World Population Prospects
LAO,IT.MLT.MAIN.P2,"Lao Telecommunications Co., Ltd.; Ministère des communications, transports, postes et de la construction. National Authority of Post and Telecommunication."
LAO,ST.INT.DPRT,Includes overnight visitors (tourists) and same-day visitors (excursionists).
LAO,ST.INT.XPND.CD,Compiled from data reported in the International Monetary Fund's Balance of Payment Statistics database.
LAO,EG.ELC.RNEW.ZS,Sources: UN Energy Statistics (2014)
LAO,ST.INT.TRNR.CD,Compiled from data reported in the International Monetary Fund's Balance of Payment Statistics database.
LAO,IT.NET.USER.ZS,"Lao Telecommunications Co., Ltd.; Ministère des communications, transports, postes et de la construction. National Authority of Post and Telecommunication."
LAO,SP.DYN.CDRT.IN,Data source: United Nations World Population Prospects
LAO,SP.DYN.LE00.IN,Data source: United Nations World Population Prospects
LAO,ST.INT.RCPT.CD,Compiled from data reported in the International Monetary Fund's Balance of Payment Statistics database.
LAO,ST.INT.TVLX.CD,Compiled from data reported in the International Monetary Fund's Balance of Payment Statistics database.
LAO,SP.DYN.AMRT.FE,Data source: United Nations World Population Prospects
LAO,SP.POP.GROW,Data source: United Nations World Population Prospects
LAO,ST.INT.TRNX.CD,Compiled from data reported in the International Monetary Fund's Balance of Payment Statistics database.
LAO,DT.DOD.DECT.CD,Long-term public and publicly guaranteed debt data for 2024 are based on reports provided by the country. Long-term private nonguaranteed debt data for 2024 are World Bank staff estimates. Short-term debt for 2024 is based on data from the BIS. DSSI eligible and not participating in 2020 and 2021.
LAO,EG.FEC.RNEW.ZS,Sources: UN Energy Statistics (2014)
LAO,ST.INT.TVLR.CD,Compiled from data reported in the International Monetary Fund's Balance of Payment Statistics database.
LAO,SP.POP.TOTL,Data source: United Nations World Population Prospects
LAO,IT.CEL.SETS,"Lao Telecommunications Co., Ltd.; Ministère des communications, transports, postes et de la construction. National Authority of Post and Telecommunication."
LAO,IT.NET.BBND.P2,"Lao Telecommunications Co., Ltd.; Ministère des communications, transports, postes et de la construction. National Authority of Post and Telecommunication."
LAO,SP.DYN.LE00.MA.IN,Data source: United Nations World Population Prospects
LAO,ST.INT.ARVL,Includes overnight visitors (tourists) and same-day visitors (excursionists). Arrivals of non-resident visitors at national borders.
LAO,IT.CEL.SETS.P2,"Lao Telecommunications Co., Ltd.; Ministère des communications, transports, postes et de la construction. National Authority of Post and Telecommunication."
LAO,SP.DYN.AMRT.MA,Data source: United Nations World Population Prospects
LAO,SP.DYN.LE00.FE.IN,Data source: United Nations World Population Prospects
LAO,SP.DYN.TFRT.IN,Data source: United Nations World Population Prospects
LAO,IT.NET.BBND,"Lao Telecommunications Co., Ltd.; Ministère des communications, transports, postes et de la construction. National Authority of Post and Telecommunication."
LKA,EG.FEC.RNEW.ZS,"Sources: World Energy Statistics and Balances, IEA (2014)"
LKA,ST.INT.ARVL,Includes overnight visitors (tourists) and same-day visitors (excursionists). Arrivals of non-resident visitors at national borders.
LKA,IT.NET.USER.ZS,Telecommunications Regulatory Commission of Sri Lanka.
LKA,IT.NET.BBND,Telecommunications Regulatory Commission of Sri Lanka.
LKA,SP.POP.GROW,"Data source: Department of Census and Statistics Sri Lanka, United Nations World Population Prospects"
LKA,SP.POP.TOTL,"Data source: Department of Census and Statistics Sri Lanka, United Nations World Population Prospects"
LKA,SP.DYN.CDRT.IN,"Data source: Department of Census and Statistics Sri Lanka, United Nations World Population Prospects"
LKA,EG.EGY.PRIM.PP.KD,"Sources: World Energy Statistics and Balances, IEA (2014); World Development Indicators, WDI (2014)"
LKA,ST.INT.DPRT,Includes overnight visitors (tourists) only.
LKA,SP.DYN.LE00.IN,Data source: United Nations World Population Prospects
LKA,IT.MLT.MAIN.P2,Telecommunications Regulatory Commission of Sri Lanka.
LKA,IT.NET.BBND.P2,Telecommunications Regulatory Commission of Sri Lanka.
LKA,SP.DYN.LE00.FE.IN,Data source: United Nations World Population Prospects
LKA,DT.DOD.DECT.CD,"Long-term public and publicly guaranteed, long-term private non-guaranteed and short-term debt data for 2024 are based on reports provided by the country. Data include the effects of recent debt restructuring."
LKA,SP.DYN.AMRT.FE,Data source: United Nations World Population Prospects
LKA,SP.DYN.CBRT.IN,"Data source: Department of Census and Statistics Sri Lanka, United Nations World Population Prospects"
LKA,MS.MIL.XPND.ZS,1960-2003 SIPRI estimates.
LKA,ST.INT.TVLR.CD,Compiled from data reported in the International Monetary Fund's Balance of Payment Statistics database.
LKA,EG.ELC.RNEW.ZS,"Sources: World Energy Statistics and Balances, IEA (2014)"
LKA,IT.MLT.MAIN,Telecommunications Regulatory Commission of Sri Lanka.
LKA,MS.MIL.XPND.CD,1960-2003 SIPRI estimates.
LKA,ST.INT.XPND.CD,Compiled from data reported in the International Monetary Fund's Balance of Payment Statistics database.
LKA,SP.DYN.LE00.MA.IN,Data source: United Nations World Population Prospects
LKA,MS.MIL.XPND.CN,1960-2003 SIPRI estimates.
LKA,MS.MIL.XPND.GD.ZS,1960-2003 SIPRI estimates.
LKA,IS.RRS.PASG.KM,Source: Internation Union of Railways (UIC)
LKA,SM.POP.NETM,Data source: United Nations World Population Prospects
LKA,SP.DYN.AMRT.MA,Data source: United Nations World Population Prospects
LKA,ST.INT.TRNX.CD,Compiled from data reported in the International Monetary Fund's Balance of Payment Statistics database.
LKA,IT.CEL.SETS.P2,Telecommunications Regulatory Commission of Sri Lanka.
LKA,ST.INT.RCPT.CD,Compiled from data reported in the International Monetary Fund's Balance of Payment Statistics database.
LKA,IS.RRS.GOOD.MT.K6,Source: Internation Union of Railways (UIC)
LKA,SP.DYN.TFRT.IN,Data source: United Nations World Population Prospects
LKA,VC.IHR.PSRC.P5,Changes in definitions and/or counting rules are reported by the Member State to indicate a break in the time series.
LKA,ST.INT.TRNR.CD,Compiled from data reported in the International Monetary Fund's Balance of Payment Statistics database.
LKA,ST.INT.TVLX.CD,Compiled from data reported in the International Monetary Fund's Balance of Payment Statistics database.
LKA,IT.CEL.SETS,Telecommunications Regulatory Commission of Sri Lanka.
MAC,SP.POP.TOTL,"Data source: Statistics and Census Service of Government of Macao SAR China, United Nations World Population Prospects"
MAC,IT.CEL.SETS,Ministry of Information Industry and Ministry of Posts and Telecommunications (Directorate General of Telecommunications).  Bureau of Telecommunications Regulation
MAC,IT.MLT.MAIN,Ministry of Information Industry and Ministry of Posts and Telecommunications (Directorate General of Telecommunications).  Bureau of Telecommunications Regulation
MAC,IT.MLT.MAIN.P2,Ministry of Information Industry and Ministry of Posts and Telecommunications (Directorate General of Telecommunications).  Bureau of Telecommunications Regulation
MAC,IT.NET.USER.ZS,Ministry of Information Industry and Ministry of Posts and Telecommunications (Directorate General of Telecommunications).  Bureau of Telecommunications Regulation
MAC,SM.POP.NETM,Data source: United Nations World Population Prospects
MAC,ST.INT.RCPT.CD,Compiled from data reported in the International Monetary Fund's Balance of Payment Statistics database. 1995-2001: country data.
MAC,SP.POP.GROW,"Data source: Statistics and Census Service of Government of Macao SAR China, United Nations World Population Prospects"
MAC,SP.DYN.LE00.IN,Derived using male and female life expectancy
MAC,SP.DYN.AMRT.FE,Data source: United Nations World Population Prospects
MAC,SP.DYN.CBRT.IN,"Data source: Statistics and Census Service of Government of Macao SAR China, United Nations World Population Prospects"
MAC,SP.DYN.CDRT.IN,"Data source: Statistics and Census Service of Government of Macao SAR China, United Nations World Population Prospects"
MAC,ST.INT.TVLR.CD,Compiled from data reported in the International Monetary Fund's Balance of Payment Statistics database.
MAC,IT.NET.BBND.P2,Ministry of Information Industry and Ministry of Posts and Telecommunications (Directorate General of Telecommunications).  Bureau of Telecommunications Regulation
MAC,SP.DYN.LE00.FE.IN,"Data source: Statistics and Census Service of Government of Macao SAR China, United Nations World Population Prospects"
MAC,EG.FEC.RNEW.ZS,Sources: UN Energy Statistics (2014)
MAC,SP.DYN.LE00.MA.IN,"Data source: Statistics and Census Service of Government of Macao SAR China, United Nations World Population Prospects"
MAC,IT.CEL.SETS.P2,Ministry of Information Industry and Ministry of Posts and Telecommunications (Directorate General of Telecommunications).  Bureau of Telecommunications Regulation
MAC,ST.INT.DPRT,Includes overnight visitors (tourists) and same-day visitors (excursionists).
MAC,ST.INT.TRNX.CD,Compiled from data reported in the International Monetary Fund's Balance of Payment Statistics database.
MAC,ST.INT.TRNR.CD,Compiled from data reported in the International Monetary Fund's Balance of Payment Statistics database.
MAC,EG.ELC.RNEW.ZS,Sources: UN Energy Statistics (2014)
MAC,IT.NET.BBND,Ministry of Information Industry and Ministry of Posts and Telecommunications (Directorate General of Telecommunications).  Bureau of Telecommunications Regulation
MAC,SP.DYN.TFRT.IN,"Data source: Statistics and Census Service of Government of Macao SAR China, United Nations World Population Prospects"
MAC,SM.POP.TOTL,"For statistical purposes, the data for China do not include this area."
MAC,ST.INT.ARVL,"Includes overnight visitors (tourists) and same-day visitors (excursionists). Arrivals of non-resident visitors at national borders. 2008: according to Statistics and Census Service, the visitor arrivals figures from year 2008 onward will not include other non-residents namely workers, students, etc."
MAC,SM.POP.TOTL.ZS,"For statistical purposes, the data for China do not include this area."
MAC,ST.INT.TVLX.CD,Compiled from data reported in the International Monetary Fund's Balance of Payment Statistics database.
MAC,EG.EGY.PRIM.PP.KD,"Sources: Estimated based on UN Energy Statistics (2014); World Development Indicators, WDI (2014)"
MAC,SP.DYN.AMRT.MA,Data source: United Nations World Population Prospects
MAC,ST.INT.XPND.CD,Compiled from data reported in the International Monetary Fund's Balance of Payment Statistics database.
MDV,SP.DYN.LE00.IN,Data source: United Nations World Population Prospects
MDV,EG.FEC.RNEW.ZS,Sources: UN Energy Statistics (2014)
MDV,ST.INT.TVLX.CD,Compiled from data reported in the International Monetary Fund's Balance of Payment Statistics database.
MDV,SP.DYN.LE00.FE.IN,Data source: United Nations World Population Prospects
MDV,IT.MLT.MAIN.P2,Dhivehi Raajjey Ge Gulhun Private Limited (DHIRAAGU).  Communications Authority of Maldives.
MDV,IT.CEL.SETS,Dhivehi Raajjey Ge Gulhun Private Limited (DHIRAAGU).  Communications Authority of Maldives.
MDV,IT.NET.USER.ZS,Dhivehi Raajjey Ge Gulhun Private Limited (DHIRAAGU).  Communications Authority of Maldives.
MDV,ST.INT.RCPT.CD,Compiled from data reported in the International Monetary Fund's Balance of Payment Statistics database.
MDV,ST.INT.TRNX.CD,Compiled from data reported in the International Monetary Fund's Balance of Payment Statistics database.
MDV,ST.INT.ARVL,Includes overnight visitors (tourists) only. Arrivals of non-resident tourists at national borders. Arrivals by air.
MDV,SP.POP.TOTL,Data source: United Nations World Population Prospects
MDV,ST.INT.TRNR.CD,Compiled from data reported in the International Monetary Fund's Balance of Payment Statistics database.
MDV,IT.MLT.MAIN,Dhivehi Raajjey Ge Gulhun Private Limited (DHIRAAGU).  Communications Authority of Maldives.
MDV,SP.DYN.AMRT.FE,Data source: United Nations World Population Prospects
MDV,SP.POP.GROW,Data source: United Nations World Population Prospects
MDV,EG.ELC.RNEW.ZS,Sources: UN Energy Statistics (2014)
MDV,DT.DOD.DECT.CD,Long-term public and publicly guaranteed debt data for 2024 are based on reports provided by the country. Long-term private nonguaranteed debt data for 2024 are estimates based on Central Bank data. Short-term debt for 2024 are based on data from the BIS. DSSI eligible and participating in 2020 and 2021.
MDV,SP.DYN.AMRT.MA,Data source: United Nations World Population Prospects
MDV,SP.DYN.CBRT.IN,Data source: United Nations World Population Prospects
MDV,IT.NET.BBND.P2,Dhivehi Raajjey Ge Gulhun Private Limited (DHIRAAGU).  Communications Authority of Maldives.
MDV,ST.INT.XPND.CD,Compiled from data reported in the International Monetary Fund's Balance of Payment Statistics database.
MDV,SP.DYN.CDRT.IN,Data source: United Nations World Population Prospects
MDV,ST.INT.DPRT,Includes overnight visitors (tourists) only.
MDV,SP.DYN.TFRT.IN,Data source: United Nations World Population Prospects
MDV,SM.POP.NETM,Data source: United Nations World Population Prospects
MDV,SP.DYN.LE00.MA.IN,Data source: United Nations World Population Prospects
MDV,IT.CEL.SETS.P2,Dhivehi Raajjey Ge Gulhun Private Limited (DHIRAAGU).  Communications Authority of Maldives.
MDV,ST.INT.TVLR.CD,"Compiled from data reported in the International Monetary Fund's Balance of Payment Statistics database. As part of the Maldives Monetary Authority efforts to improve the coverage of the balance of payments statistics, the methodology has been revised from 2005."
MDV,EG.EGY.PRIM.PP.KD,"Sources: Estimated based on UN Energy Statistics (2014); World Development Indicators, WDI (2014)"
MDV,IT.NET.BBND,Dhivehi Raajjey Ge Gulhun Private Limited (DHIRAAGU).  Communications Authority of Maldives.
MMR,SM.POP.NETM,Data source: United Nations World Population Prospects
MMR,EG.EGY.PRIM.PP.KD,"Sources: World Energy Statistics and Balances, IEA (2014); World Development Indicators, WDI (2014)"
MMR,ST.INT.RCPT.CD,Compiled from data reported in the International Monetary Fund's Balance of Payment Statistics database.
MMR,SP.DYN.TFRT.IN,Data source: United Nations World Population Prospects
MMR,DT.DOD.DECT.CD,"Long-term public and publicly guaranteed debt data for 2024 are based on reports provided by the country. Long-term private nonguaranteed debt data for 2024 are World Bank staff estimates based on the market data. Short-term debt data are not available. DSSI eligible and participating in 2020, 2021, and 2022."
MMR,IT.CEL.SETS.P2,"Ministry of Communications, Posts and Telegraphs. From 1999: Post and Telecommunications Department."
MMR,SP.DYN.AMRT.MA,Data source: United Nations World Population Prospects
MMR,MS.MIL.XPND.CD,2012-2018 highly uncertain data.
MMR,SP.DYN.CDRT.IN,Data source: United Nations World Population Prospects
MMR,EG.ELC.RNEW.ZS,"Sources: World Energy Statistics and Balances, IEA (2014)"
MMR,MS.MIL.XPND.CN,2012-218 & 2022 highly uncertain data.
MMR,MS.MIL.XPND.ZS,2012-2018 highly uncertain data.
MMR,ST.INT.XPND.CD,Compiled from data reported in the International Monetary Fund's Balance of Payment Statistics database.
MMR,ST.INT.TVLR.CD,Compiled from data reported in the International Monetary Fund's Balance of Payment Statistics database.
MMR,IS.RRS.GOOD.MT.K6,Source: Internation Union of Railways (UIC)
MMR,ST.INT.ARVL,Includes overnight visitors (tourists) only. Arrivals of non-resident tourists at national borders. 2016: change in the methodology.
MMR,SP.DYN.CBRT.IN,Data source: United Nations World Population Prospects
MMR,SP.POP.TOTL,Data source: United Nations World Population Prospects
MMR,ST.INT.TRNX.CD,Compiled from data reported in the International Monetary Fund's Balance of Payment Statistics database.
MMR,SP.DYN.LE00.MA.IN,Data source: United Nations World Population Prospects
MMR,SP.DYN.LE00.FE.IN,Data source: United Nations World Population Prospects
MMR,SP.POP.GROW,Data source: United Nations World Population Prospects
MMR,ST.INT.TVLX.CD,Compiled from data reported in the International Monetary Fund's Balance of Payment Statistics database.
MMR,IT.MLT.MAIN,"Ministry of Communications, Posts and Telegraphs. From 1999: Post and Telecommunications Department."
MMR,IS.RRS.PASG.KM,Source: Internation Union of Railways (UIC)
MMR,IT.MLT.MAIN.P2,"Ministry of Communications, Posts and Telegraphs. From 1999: Post and Telecommunications Department."
MMR,IT.NET.BBND.P2,"Ministry of Communications, Posts and Telegraphs. From 1999: Post and Telecommunications Department."
MMR,IT.NET.BBND,"Ministry of Communications, Posts and Telegraphs. From 1999: Post and Telecommunications Department."
MMR,SP.DYN.AMRT.FE,Data source: United Nations World Population Prospects
MMR,IT.CEL.SETS,"Ministry of Communications, Posts and Telegraphs. From 1999: Post and Telecommunications Department."
MMR,ST.INT.TRNR.CD,Compiled from data reported in the International Monetary Fund's Balance of Payment Statistics database.
MMR,EG.FEC.RNEW.ZS,"Sources: World Energy Statistics and Balances, IEA (2014)"
MMR,IT.NET.USER.ZS,"Ministry of Communications, Posts and Telegraphs. From 1999: Post and Telecommunications Department."
MMR,SP.DYN.LE00.IN,Data source: United Nations World Population Prospects
MNG,SP.DYN.TFRT.IN,"Data source: National Statistics Office of Mongolia, United Nations World Population Prospects"
MNG,ST.INT.RCPT.CD,Compiled from data reported in the International Monetary Fund's Balance of Payment Statistics database.
MNG,IS.RRS.PASG.KM,Source: Internation Union of Railways (UIC)
MNG,EG.ELC.RNEW.ZS,"Sources: World Energy Statistics and Balances, IEA (2014)"
MNG,SP.DYN.LE00.FE.IN,"Data source: National Statistics Office of Mongolia, United Nations World Population Prospects"
MNG,SP.POP.TOTL,"Data source: National Statistics Office of Mongolia, United Nations World Population Prospects"
MNG,IS.RRS.GOOD.MT.K6,Source: Internation Union of Railways (UIC)
MNG,IT.MLT.MAIN.P2,Ministry of Infrastructure (MOI). Information and Communication Technology Authority. Communications Regulatory Commission of Mongolia.
MNG,SP.DYN.LE00.IN,Derived using male and female life expectancy
MNG,IT.CEL.SETS,Ministry of Infrastructure (MOI). Information and Communication Technology Authority. Communications Regulatory Commission of Mongolia.
MNG,SP.DYN.AMRT.FE,Data source: United Nations World Population Prospects
MNG,ST.INT.TRNX.CD,Compiled from data reported in the International Monetary Fund's Balance of Payment Statistics database.
MNG,IT.NET.BBND.P2,Ministry of Infrastructure (MOI). Information and Communication Technology Authority. Communications Regulatory Commission of Mongolia.
MNG,IT.NET.USER.ZS,Ministry of Infrastructure (MOI). Information and Communication Technology Authority. Communications Regulatory Commission of Mongolia.
MNG,SP.DYN.CBRT.IN,"Data source: National Statistics Office of Mongolia, United Nations World Population Prospects"
MNG,ST.INT.ARVL,Includes overnight visitors (tourists) and same-day visitors (excursionists). Arrivals of non-resident visitors at national borders.
MNG,DT.DOD.DECT.CD,"Long-term public and publicly guaranteed, long-term private nonguaranteed, and short-term debt data for 2024 are based on reports provided by the country. DSSI eligible, but not participating in 2020 and 2021."
MNG,EG.FEC.RNEW.ZS,"Sources: World Energy Statistics and Balances, IEA (2014)"
MNG,IT.MLT.MAIN,Ministry of Infrastructure (MOI). Information and Communication Technology Authority. Communications Regulatory Commission of Mongolia.
MNG,SP.POP.GROW,"Data source: National Statistics Office of Mongolia, United Nations World Population Prospects"
MNG,SP.DYN.LE00.MA.IN,"Data source: National Statistics Office of Mongolia, United Nations World Population Prospects"
MNG,ST.INT.TVLR.CD,Compiled from data reported in the International Monetary Fund's Balance of Payment Statistics database.
MNG,ST.INT.TRNR.CD,Compiled from data reported in the International Monetary Fund's Balance of Payment Statistics database.
MNG,SP.DYN.AMRT.MA,Data source: United Nations World Population Prospects
MNG,ST.INT.XPND.CD,Compiled from data reported in the International Monetary Fund's Balance of Payment Statistics database.
MNG,SM.POP.NETM,Data source: United Nations World Population Prospects
MNG,EG.EGY.PRIM.PP.KD,"Sources: World Energy Statistics and Balances, IEA (2014); World Development Indicators, WDI (2014)"
MNG,ST.INT.TVLX.CD,Compiled from data reported in the International Monetary Fund's Balance of Payment Statistics database.
MNG,IT.NET.BBND,Ministry of Infrastructure (MOI). Information and Communication Technology Authority. Communications Regulatory Commission of Mongolia.
MNG,SP.DYN.CDRT.IN,"Data source: National Statistics Office of Mongolia, United Nations World Population Prospects"
MNG,IT.CEL.SETS.P2,Ministry of Infrastructure (MOI). Information and Communication Technology Authority. Communications Regulatory Commission of Mongolia.
MYS,SP.DYN.AMRT.MA,Data source: United Nations World Population Prospects. Including Sabah and Sarawak.
MYS,ST.INT.TVLR.CD,Compiled from data reported in the International Monetary Fund's Balance of Payment Statistics database.
MYS,ST.INT.TVLX.CD,Compiled from data reported in the International Monetary Fund's Balance of Payment Statistics database.
MYS,IT.NET.USER.ZS,Jabatan Telekom Malaysia. From 2002: Malaysian Communications and Multimedia Commission (MCMC).
MYS,IT.CEL.SETS.P2,Jabatan Telekom Malaysia. From 2002: Malaysian Communications and Multimedia Commission (MCMC).
MYS,EG.EGY.PRIM.PP.KD,"Sources: World Energy Statistics and Balances, IEA (2014); World Development Indicators, WDI (2014)"
MYS,SP.POP.65UP.MA.ZS,Including Sabah and Sarawak.
MYS,MS.MIL.XPND.CD,1960-1971 &  1982-1985 SIPRI estimates.
MYS,SP.DYN.LE00.IN,Data source: United Nations World Population Prospects
MYS,SP.POP.0014.FE.ZS,Including Sabah and Sarawak.
MYS,SP.POP.65UP.FE.ZS,Including Sabah and Sarawak.
MYS,SP.POP.TOTL.MA.ZS,Including Sabah and Sarawak.
MYS,SP.POP.0014.MA.ZS,Including Sabah and Sarawak.
MYS,EG.FEC.RNEW.ZS,"Sources: World Energy Statistics and Balances, IEA (2014)"
MYS,SP.POP.GROW,Data source: United Nations World Population Prospects
MYS,SP.DYN.LE00.FE.IN,Data source: United Nations World Population Prospects
MYS,IT.MLT.MAIN,Jabatan Telekom Malaysia. From 2002: Malaysian Communications and Multimedia Commission (MCMC).
MYS,ST.INT.TRNR.CD,Compiled from data reported in the International Monetary Fund's Balance of Payment Statistics database.
MYS,ST.INT.TRNX.CD,Compiled from data reported in the International Monetary Fund's Balance of Payment Statistics database.
MYS,SP.POP.0014.TO.ZS,Including Sabah and Sarawak.
MYS,MS.MIL.XPND.CN,1960-1971 &  1982-1985 SIPRI estimates.
MYS,SP.DYN.CBRT.IN,Data source: United Nations World Population Prospects
MYS,SP.POP.65UP.TO.ZS,Including Sabah and Sarawak.
MYS,SP.DYN.AMRT.FE,Data source: United Nations World Population Prospects. Including Sabah and Sarawak.
MYS,SP.POP.TOTL,Data source: United Nations World Population Prospects
MYS,SP.POP.1564.TO.ZS,Including Sabah and Sarawak.
MYS,SP.POP.1564.FE.ZS,Including Sabah and Sarawak.
MYS,SP.ADO.TFRT,Including Sabah and Sarawak.
MYS,SP.POP.BRTH.MF,Including Sabah and Sarawak.
MYS,SP.DYN.TO65.FE.ZS,Including Sabah and Sarawak.
MYS,SP.DYN.TO65.MA.ZS,Including Sabah and Sarawak.
MYS,IT.NET.BBND.P2,Jabatan Telekom Malaysia. From 2002: Malaysian Communications and Multimedia Commission (MCMC).
MYS,SP.POP.1564.MA.ZS,Including Sabah and Sarawak.
MYS,SM.POP.NETM,Data source: United Nations World Population Prospects
MYS,ST.INT.ARVL,Includes overnight visitors (tourists) only. Arrivals of non-resident tourists at national borders. Including Singapore residents crossing the frontier by road through Johore Causeway.
MYS,ST.INT.XPND.CD,Compiled from data reported in the International Monetary Fund's Balance of Payment Statistics database.
MYS,IS.RRS.PASG.KM,Source: Internation Union of Railways (UIC)
MYS,SP.DYN.CDRT.IN,Data source: United Nations World Population Prospects
MYS,MS.MIL.XPND.GD.ZS,1960-1971 &  1982-1985 SIPRI estimates.
MYS,SP.DYN.TFRT.IN,Data source: United Nations World Population Prospects
MYS,MS.MIL.XPND.ZS,1960-1971 &  1982-1985 SIPRI estimates.
MYS,IT.MLT.MAIN.P2,Jabatan Telekom Malaysia. From 2002: Malaysian Communications and Multimedia Commission (MCMC).
MYS,IT.CEL.SETS,Jabatan Telekom Malaysia. From 2002: Malaysian Communications and Multimedia Commission (MCMC).
MYS,SP.DYN.LE00.MA.IN,Data source: United Nations World Population Prospects
MYS,IT.NET.BBND,Jabatan Telekom Malaysia. From 2002: Malaysian Communications and Multimedia Commission (MCMC).
MYS,SP.POP.TOTL.FE.ZS,Including Sabah and Sarawak.
MYS,IS.RRS.GOOD.MT.K6,Source: Internation Union of Railways (UIC)
MYS,EG.ELC.RNEW.ZS,"Sources: World Energy Statistics and Balances, IEA (2014)"
MYS,ST.INT.RCPT.CD,Compiled from data reported in the International Monetary Fund's Balance of Payment Statistics database.
MYS,DT.DOD.DECT.CD,Long-term public and publicly guaranteed and long-term private nonguaranteed debt data for 2016 are World Bank staff estimates based on reports provided by the country. Short-term debt data for 2016 are sourced by the Quarterly External Debt Statistics database (http://datatopics.worldbank.org/debt/qeds).
MYS,ST.INT.DPRT,"Includes overnight visitors (tourists) and same-day visitors (excursionists). Outgoing Peninsular Malaysians, including departures via Johore Causeway by road."
NPL,MS.MIL.XPND.CN,1970 SIPRI estimates.
NPL,DT.DOD.DECT.CD,Long-term public and publicly guaranteed debt data for 2024 are based on reports provided by the country. Long-term private nonguaranteed and short-term debt data for 2024 are World Bank staff estimates based on the Quarterly External Debt Statistics database (http://datatopics.worldbank.org/debt/qeds). DSSI eligible and participating in 2020 and 2021.
NPL,ST.INT.DPRT,Includes overnight visitors (tourists) only.
NPL,MS.MIL.XPND.ZS,1970 SIPRI estimates.
NPL,MS.MIL.XPND.GD.ZS,1970 SIPRI estimates.
NPL,SP.POP.GROW,Data source: United Nations World Population Prospects
NPL,SP.DYN.LE00.MA.IN,Data source: United Nations World Population Prospects
NPL,IT.NET.BBND,Nepal Telecom. From 2003: Nepal Telecommunications Authority (NTA).
NPL,ST.INT.TRNX.CD,Compiled from data reported in the International Monetary Fund's Balance of Payment Statistics database.
NPL,ST.INT.TVLX.CD,Compiled from data reported in the International Monetary Fund's Balance of Payment Statistics database.
NPL,MS.MIL.XPND.CD,1970 SIPRI estimates.
NPL,SP.DYN.CBRT.IN,Data source: United Nations World Population Prospects
NPL,SP.DYN.TFRT.IN,Data source: United Nations World Population Prospects
NPL,IT.NET.USER.ZS,Nepal Telecom. From 2003: Nepal Telecommunications Authority (NTA).
NPL,IT.CEL.SETS,Nepal Telecom. From 2003: Nepal Telecommunications Authority (NTA).
NPL,EG.EGY.PRIM.PP.KD,"Sources: World Energy Statistics and Balances, IEA (2014); World Development Indicators, WDI (2014)"
NPL,ST.INT.TRNR.CD,Compiled from data reported in the International Monetary Fund's Balance of Payment Statistics database.
NPL,IT.NET.BBND.P2,Nepal Telecom. From 2003: Nepal Telecommunications Authority (NTA).
NPL,IT.MLT.MAIN,Nepal Telecom. From 2003: Nepal Telecommunications Authority (NTA).
NPL,SM.POP.NETM,Data source: United Nations World Population Prospects
NPL,SP.DYN.LE00.FE.IN,Data source: United Nations World Population Prospects
NPL,SP.DYN.LE00.IN,Data source: United Nations World Population Prospects
NPL,SP.DYN.AMRT.FE,Data source: United Nations World Population Prospects
NPL,ST.INT.ARVL,Includes overnight visitors (tourists) only. Arrivals of non-resident tourists at national borders. Including arrivals from India.
NPL,EG.FEC.RNEW.ZS,"Sources: World Energy Statistics and Balances, IEA (2014)"
NPL,ST.INT.RCPT.CD,Compiled from data reported in the International Monetary Fund's Balance of Payment Statistics database.
NPL,IT.CEL.SETS.P2,Nepal Telecom. From 2003: Nepal Telecommunications Authority (NTA).
NPL,SP.POP.TOTL,Data source: United Nations World Population Prospects
NPL,SP.DYN.CDRT.IN,Data source: United Nations World Population Prospects
NPL,IT.MLT.MAIN.P2,Nepal Telecom. From 2003: Nepal Telecommunications Authority (NTA).
NPL,ST.INT.TVLR.CD,Compiled from data reported in the International Monetary Fund's Balance of Payment Statistics database.
NPL,ST.INT.XPND.CD,Compiled from data reported in the International Monetary Fund's Balance of Payment Statistics database.
NPL,SP.DYN.AMRT.MA,Data source: United Nations World Population Prospects
NPL,EG.ELC.RNEW.ZS,"Sources: World Energy Statistics and Balances, IEA (2014)"
PHL,DT.DOD.DPNG.CD,"Long-term private nonguaranteed debt includes the following monitored aggregate private-sector debt: unregistered debt, intercompany debt and capital leases."
PHL,ST.INT.TRNR.CD,Compiled from data reported in the International Monetary Fund's Balance of Payment Statistics database.
PHL,IS.RRS.GOOD.MT.K6,Source: Internation Union of Railways (UIC)
PHL,IT.MLT.MAIN.P2,Philippine Long Distance Telephone Company (PLDT). From 2000: National Telecommunications Commission (NTC).
PHL,ST.INT.XPND.CD,Compiled from data reported in the International Monetary Fund's Balance of Payment Statistics database.
PHL,IT.NET.BBND,Philippine Long Distance Telephone Company (PLDT). From 2000: National Telecommunications Commission (NTC).
PHL,ST.INT.TRNX.CD,Compiled from data reported in the International Monetary Fund's Balance of Payment Statistics database.
PHL,EG.EGY.PRIM.PP.KD,"Sources: World Energy Statistics and Balances, IEA (2014); World Development Indicators, WDI (2014)"
PHL,IT.CEL.SETS,Philippine Long Distance Telephone Company (PLDT). From 2000: National Telecommunications Commission (NTC).
PHL,SP.DYN.AMRT.FE,Data source: United Nations World Population Prospects
PHL,IT.NET.USER.ZS,Philippine Long Distance Telephone Company (PLDT). From 2000: National Telecommunications Commission (NTC).
PHL,MS.MIL.XPND.ZS,"1960-2002, 2004 & 2014 SIPRI estimates."
PHL,VC.IHR.PSRC.P5,Changes in definitions and/or counting rules are reported by the Member State to indicate a break in the time series.
PHL,ST.INT.TVLX.CD,Compiled from data reported in the International Monetary Fund's Balance of Payment Statistics database.
PHL,SP.POP.TOTL,Data source: United Nations World Population Prospects
PHL,ST.INT.RCPT.CD,Compiled from data reported in the International Monetary Fund's Balance of Payment Statistics database.
PHL,SP.DYN.CBRT.IN,Data source: United Nations World Population Prospects
PHL,ST.INT.DPRT,Includes overnight visitors (tourists) only.
PHL,SP.DYN.AMRT.MA,Data source: United Nations World Population Prospects
PHL,SM.POP.NETM,Data source: United Nations World Population Prospects
PHL,ST.INT.TVLR.CD,Compiled from data reported in the International Monetary Fund's Balance of Payment Statistics database.
PHL,SP.DYN.LE00.IN,Data source: United Nations World Population Prospects
PHL,EG.ELC.RNEW.ZS,"Sources: World Energy Statistics and Balances, IEA (2014)"
PHL,MS.MIL.XPND.GD.ZS,"1960-2002, 2004 & 2014 SIPRI estimates."
PHL,SP.DYN.LE00.FE.IN,Data source: United Nations World Population Prospects
PHL,IT.CEL.SETS.P2,Philippine Long Distance Telephone Company (PLDT). From 2000: National Telecommunications Commission (NTC).
PHL,MS.MIL.XPND.CN,"1960-2002, 2004 & 2014 SIPRI estimates."
PHL,ST.INT.ARVL,Includes overnight visitors (tourists) only. Arrivals of non-resident tourists at national borders. Including nationals residing abroad.
PHL,DT.DOD.DECT.CD,"Long-term public and publicly guaranteed, long-term private nonguaranteed, and short-term debt data for 2024 are based on reports provided by the country. Long-term private nonguaranteed debt data no longer include unregistered debt and are revised from 2005 based on the reports provided by the country."
PHL,EG.FEC.RNEW.ZS,"Sources: World Energy Statistics and Balances, IEA (2014)"
PHL,SP.DYN.CDRT.IN,Data source: United Nations World Population Prospects
PHL,SP.DYN.LE00.MA.IN,Data source: United Nations World Population Prospects
PHL,IT.MLT.MAIN,Philippine Long Distance Telephone Company (PLDT). From 2000: National Telecommunications Commission (NTC).
PHL,MS.MIL.XPND.CD,"1960-2002, 2004 & 2014 SIPRI estimates."
PHL,SP.POP.GROW,Data source: United Nations World Population Prospects
PHL,SP.DYN.TFRT.IN,Data source: United Nations World Population Prospects
PHL,IS.RRS.PASG.KM,Source: Internation Union of Railways (UIC)
PHL,IT.NET.BBND.P2,Philippine Long Distance Telephone Company (PLDT). From 2000: National Telecommunications Commission (NTC).
PRK,IT.MLT.MAIN.P2,Ministry of Posts and Telecommunications.
PRK,IT.NET.BBND,Ministry of Posts and Telecommunications.
PRK,EG.EGY.PRIM.PP.KD,"Sources: World Energy Statistics and Balances, IEA (2014); World Development Indicators, WDI (2014)"
PRK,IT.NET.BBND.P2,Ministry of Posts and Telecommunications.
PRK,ST.INT.ARVL,Includes overnight visitors (tourists) and same-day visitors (excursionists).
PRK,MS.MIL.XPND.CN,1986-2018 highly uncertain data.
PRK,SP.DYN.AMRT.MA,Data source: United Nations World Population Prospects
PRK,IT.NET.USER.ZS,Ministry of Posts and Telecommunications.
PRK,BM.KLT.DINV.CD.WD,"Source: United Nations Conference on Trade and Development, Foreign Direct Investment Online database."
PRK,SM.POP.NETM,Data source: United Nations World Population Prospects
PRK,SP.DYN.LE00.MA.IN,Data source: United Nations World Population Prospects
PRK,SP.DYN.LE00.IN,Data source: United Nations World Population Prospects
PRK,IT.MLT.MAIN,Ministry of Posts and Telecommunications.
PRK,MS.MIL.XPND.CD,1986-2017 highly uncertain data.
PRK,EG.FEC.RNEW.ZS,"Sources: World Energy Statistics and Balances, IEA (2014)"
PRK,SP.DYN.CDRT.IN,Data source: United Nations World Population Prospects
PRK,SP.POP.TOTL,Data source: United Nations World Population Prospects
PRK,SP.DYN.TFRT.IN,Data source: United Nations World Population Prospects
PRK,EG.ELC.RNEW.ZS,"Sources: World Energy Statistics and Balances, IEA (2014)"
PRK,IT.CEL.SETS,Ministry of Posts and Telecommunications.
PRK,SP.DYN.LE00.FE.IN,Data source: United Nations World Population Prospects
PRK,IT.CEL.SETS.P2,Ministry of Posts and Telecommunications.
PRK,SP.DYN.CBRT.IN,Data source: United Nations World Population Prospects
PRK,SP.POP.GROW,Data source: United Nations World Population Prospects
PRK,SP.DYN.AMRT.FE,Data source: United Nations World Population Prospects
SGP,MS.MIL.XPND.CN,1970-1972 SIPRI estimates.
SGP,ST.INT.ARVL,Includes overnight visitors (tourists) and same-day visitors (excursionists). Arrivals of non-resident visitors at national borders. Excluding arrivals of Malaysian citizens by land.
SGP,ST.INT.DPRT,Includes overnight visitors (tourists) only.
SGP,IT.CEL.SETS,Infocomm Development Authority of Singapore (IDA).
SGP,SP.DYN.AMRT.FE,Data source: United Nations World Population Prospects
SGP,IT.NET.BBND.P2,Infocomm Development Authority of Singapore (IDA).
SGP,SP.POP.TOTL,Data source: Department of Statistics Singapore
SGP,EG.FEC.RNEW.ZS,"Sources: World Energy Statistics and Balances, IEA (2014)"
SGP,MS.MIL.XPND.GD.ZS,1970-1972 SIPRI estimates.
SGP,SP.DYN.TFRT.IN,Data source: Department of Statistics Singapore
SGP,SG.GEN.PARL.ZS,The parliament convened on 2 November 2006 following the elections held in May. Nine members are yet to be appointed to the parliament.
SGP,SP.DYN.CDRT.IN,Data source: Department of Statistics Singapore
SGP,SP.DYN.LE00.FE.IN,"Data source: Department of Statistics Singapore, United Nations World Population Prospects"
SGP,IT.NET.USER.ZS,Infocomm Development Authority of Singapore (IDA).
SGP,IT.MLT.MAIN.P2,Infocomm Development Authority of Singapore (IDA).
SGP,IT.CEL.SETS.P2,Infocomm Development Authority of Singapore (IDA).
SGP,SP.DYN.CBRT.IN,Data source: Department of Statistics Singapore
SGP,SP.DYN.LE00.MA.IN,"Data source: Department of Statistics Singapore, United Nations World Population Prospects"
SGP,SP.DYN.LE00.IN,Derived using male and female life expectancy
SGP,IT.NET.BBND,Infocomm Development Authority of Singapore (IDA).
SGP,SP.POP.GROW,Data source: Department of Statistics Singapore
SGP,MS.MIL.XPND.ZS,1970-1972 SIPRI estimates.
SGP,EG.ELC.RNEW.ZS,"Sources: World Energy Statistics and Balances, IEA (2014)"
SGP,EG.EGY.PRIM.PP.KD,"Sources: World Energy Statistics and Balances, IEA (2014); World Development Indicators, WDI (2014)"
SGP,SP.DYN.AMRT.MA,Data source: United Nations World Population Prospects
SGP,ST.INT.TVLR.CD,Compiled from data reported in the International Monetary Fund's Balance of Payment Statistics database.
SGP,SM.POP.NETM,Data source: United Nations World Population Prospects
SGP,IT.MLT.MAIN,Infocomm Development Authority of Singapore (IDA).
SGP,ST.INT.TVLX.CD,Compiled from data reported in the International Monetary Fund's Balance of Payment Statistics database.
SGP,MS.MIL.XPND.CD,1970-1972 SIPRI estimates.
THA,ST.INT.RCPT.CD,Compiled from data reported in the International Monetary Fund's Balance of Payment Statistics database.
THA,ST.INT.XPND.CD,Compiled from data reported in the International Monetary Fund's Balance of Payment Statistics database.
THA,SP.DYN.AMRT.MA,Data source: United Nations World Population Prospects
THA,ST.INT.TVLX.CD,Compiled from data reported in the International Monetary Fund's Balance of Payment Statistics database.
THA,SP.DYN.LE00.IN,Data source: United Nations World Population Prospects
THA,IT.NET.USER.ZS,Post and Telegraph Department (PTD). From 2002: Ministry of Information and Communication Authority (MICT).
THA,DT.DOD.DECT.CD,Long-term public and publicly guaranteed and long-term private nonguaranteed debt data for 2024 are based on reports provided by the country. Short-term debt data for 2024 are sourced by the Quarterly External Debt Statistics database (http://datatopics.worldbank.org/debt/qeds).
THA,SP.DYN.LE00.MA.IN,Data source: United Nations World Population Prospects
THA,IT.CEL.SETS.P2,Post and Telegraph Department (PTD). From 2002: Ministry of Information and Communication Authority (MICT).
THA,ST.INT.TRNR.CD,Compiled from data reported in the International Monetary Fund's Balance of Payment Statistics database.
THA,IT.NET.BBND,Post and Telegraph Department (PTD). From 2002: Ministry of Information and Communication Authority (MICT).
THA,EG.ELC.RNEW.ZS,"Sources: World Energy Statistics and Balances, IEA (2014)"
THA,SP.POP.TOTL,Data source: United Nations World Population Prospects
THA,MS.MIL.XPND.GD.ZS,1960-1999 SIPRI estimates.
THA,MS.MIL.XPND.ZS,1960-1999 SIPRI estimates.
THA,IS.RRS.GOOD.MT.K6,Source: Internation Union of Railways (UIC)
THA,MS.MIL.XPND.CN,1960-1999 SIPRI estimates.
THA,ST.INT.TVLR.CD,Compiled from data reported in the International Monetary Fund's Balance of Payment Statistics database.
THA,IT.MLT.MAIN,Post and Telegraph Department (PTD). From 2002: Ministry of Information and Communication Authority (MICT).
THA,EG.EGY.PRIM.PP.KD,"Sources: World Energy Statistics and Balances, IEA (2014); World Development Indicators, WDI (2014)"
THA,SM.POP.NETM,Data source: United Nations World Population Prospects
THA,ST.INT.DPRT,Includes overnight visitors (tourists) only.
THA,IT.NET.BBND.P2,Post and Telegraph Department (PTD). From 2002: Ministry of Information and Communication Authority (MICT).
THA,MS.MIL.XPND.CD,1960-1999 SIPRI estimates.
THA,SP.DYN.CBRT.IN,Data source: United Nations World Population Prospects
THA,EG.FEC.RNEW.ZS,"Sources: World Energy Statistics and Balances, IEA (2014)"
THA,SP.DYN.AMRT.FE,Data source: United Nations World Population Prospects
THA,IS.RRS.PASG.KM,Source: Internation Union of Railways (UIC)
THA,ST.INT.TRNX.CD,Compiled from data reported in the International Monetary Fund's Balance of Payment Statistics database.
THA,IT.CEL.SETS,Post and Telegraph Department (PTD). From 2002: Ministry of Information and Communication Authority (MICT).
THA,SP.POP.GROW,Data source: United Nations World Population Prospects
THA,ST.INT.ARVL,Includes overnight visitors (tourists) only. Arrivals of non-resident tourists at national borders. 1995-2005: including arrivals of nationals residing abroad.
THA,IT.MLT.MAIN.P2,Post and Telegraph Department (PTD). From 2002: Ministry of Information and Communication Authority (MICT).
THA,SP.DYN.TFRT.IN,Data source: United Nations World Population Prospects
THA,SP.DYN.LE00.FE.IN,Data source: United Nations World Population Prospects
THA,SP.DYN.CDRT.IN,Data source: United Nations World Population Prospects
TLS,SG.GEN.PARL.ZS,"The purpose of elections held on 30 August 2001 was to elect members of the Constituent Assembly of Timor-Leste. This body became the National Parliament on 20 May 2002, the date on which the country became independent, without any new elections"
TLS,EG.FEC.RNEW.ZS,Sources: UN Energy Statistics (2014)
TLS,SP.DYN.CBRT.IN,Data source: United Nations World Population Prospects
TLS,SP.DYN.TFRT.IN,Data source: United Nations World Population Prospects
TLS,ST.INT.TRNX.CD,Compiled from data reported in the International Monetary Fund's Balance of Payment Statistics database.
TLS,ST.INT.XPND.CD,Compiled from data reported in the International Monetary Fund's Balance of Payment Statistics database.
TLS,EG.EGY.PRIM.PP.KD,"Sources: Estimated based on UN Energy Statistics (2014); World Development Indicators, WDI (2014). GDP data excludes oil output."
TLS,SP.DYN.LE00.IN,Data source: United Nations World Population Prospects
TLS,SP.DYN.LE00.FE.IN,Data source: United Nations World Population Prospects
TLS,NY.GNP.PCAP.PP.KD,Estimates are based on regression.
TLS,SP.POP.GROW,Data source: United Nations World Population Prospects
TLS,MS.MIL.XPND.CD,2007 SIPRI estimates.
TLS,SP.DYN.AMRT.FE,Data source: United Nations World Population Prospects
TLS,NE.CON.PRVT.PP.KD,Estimates are based on regression.
TLS,NY.GNP.MKTP.PP.CD,Estimates are based on regression.
TLS,NY.GDP.MKTP.PP.CD,Estimates are based on regression.
TLS,NY.GNP.PCAP.PP.CD,Estimates are based on regression.
TLS,NY.GDP.MKTP.PP.KD,Estimates are based on regression.
TLS,NE.CON.PRVT.PP.CD,Estimates are based on regression.
TLS,ST.INT.ARVL,Includes overnight visitors (tourists) only. Arrivals of non-resident tourists at national borders. Arrivals by air at Dili Airport.
TLS,SE.XPD.TOTL.GD.ZS,GDP does not include the income from petroleum.
TLS,MS.MIL.XPND.ZS,2007 SIPRI estimates.
TLS,MS.MIL.XPND.CN,2007 SIPRI estimates.
TLS,NY.GNP.MKTP.PP.KD,Estimates are based on regression.
TLS,EG.ELC.RNEW.ZS,Sources: UN Energy Statistics (2014)
TLS,NY.GDP.COAL.RT.ZS,GDP data excludes oil output.
TLS,NY.GDP.FRST.RT.ZS,GDP data excludes oil output.
TLS,NY.GDP.MINR.RT.ZS,GDP data excludes oil output.
TLS,DT.DOD.DECT.CD,Long-term public and publicly guaranteed debt data for 2024 are based on reports provided by the country. Long-term private nonguaranteed debt data are not available. Short-term debt for 2024 is based on data from the BIS. DSSI eligible and not participating in 2020 and 2021.
TLS,SP.POP.TOTL,Data source: United Nations World Population Prospects
TLS,NY.GDP.PCAP.PP.KD,Estimates are based on regression.
TLS,MS.MIL.XPND.GD.ZS,2007 SIPRI estimates.
TLS,NY.GDP.TOTL.RT.ZS,GDP data excludes oil output.
TLS,NY.GDP.PETR.RT.ZS,GDP data excludes oil output.
TLS,NY.GDP.PCAP.PP.CD,Estimates are based on regression.
TLS,SP.DYN.LE00.MA.IN,Data source: United Nations World Population Prospects
TLS,NY.GDP.NGAS.RT.ZS,GDP data excludes oil output.
TLS,SP.DYN.CDRT.IN,Data source: United Nations World Population Prospects
TLS,ST.INT.TVLX.CD,Compiled from data reported in the International Monetary Fund's Balance of Payment Statistics database.
TLS,ST.INT.TVLR.CD,Compiled from data reported in the International Monetary Fund's Balance of Payment Statistics database.
TLS,SM.POP.NETM,Data source: United Nations World Population Prospects
TLS,SP.DYN.AMRT.MA,Data source: United Nations World Population Prospects
VNM,ST.INT.XPND.CD,"Compiled from data reported by the country. The expenditure figures are those provided by the country to UNWTO, which do not appear in the International Monetary Fund data."
VNM,SP.DYN.TFRT.IN,Data source: United Nations World Population Prospects
VNM,MS.MIL.XPND.CD,2012-2018 highly uncertain data.
VNM,EG.ELC.RNEW.ZS,"Sources: World Energy Statistics and Balances, IEA (2014)"
VNM,SP.DYN.AMRT.FE,Data source: United Nations World Population Prospects
VNM,IT.CEL.SETS,Vietnam Post & Telecommunications Corp. (VNPT). From 2004. Ministry of Posts and Telematics (MPT).
VNM,IT.NET.USER.ZS,Vietnam Post & Telecommunications Corp. (VNPT). From 2004. Ministry of Posts and Telematics (MPT).
VNM,SP.DYN.CDRT.IN,Data source: United Nations World Population Prospects
VNM,BX.TRF.PWKR.CD.DT,"Data on Personal Transfers and Compensation of Employees are prepared by World Bank staff based on IMF's Balance of Payments statistics and data releases from central banks, national statistical agencies, and World Bank country desks."
VNM,MS.MIL.XPND.CN,2012-2018 highly uncertain data.
VNM,SP.POP.GROW,Data source: United Nations World Population Prospects
VNM,SP.DYN.LE00.MA.IN,Data source: United Nations World Population Prospects
VNM,IT.NET.BBND.P2,Vietnam Post & Telecommunications Corp. (VNPT). From 2004. Ministry of Posts and Telematics (MPT).
VNM,SP.POP.TOTL,Data source: United Nations World Population Prospects
VNM,SP.DYN.CBRT.IN,Data source: United Nations World Population Prospects
VNM,SP.DYN.AMRT.MA,Data source: United Nations World Population Prospects
VNM,SM.POP.NETM,Data source: United Nations World Population Prospects
VNM,SP.DYN.LE00.FE.IN,Data source: United Nations World Population Prospects
VNM,IS.RRS.PASG.KM,Source: Internation Union of Railways (UIC)
VNM,EG.FEC.RNEW.ZS,"Sources: World Energy Statistics and Balances, IEA (2014)"
VNM,IT.NET.BBND,Vietnam Post & Telecommunications Corp. (VNPT). From 2004. Ministry of Posts and Telematics (MPT).
VNM,MS.MIL.XPND.ZS,2012-2018 highly uncertain data.
VNM,EG.EGY.PRIM.PP.KD,"Sources: World Energy Statistics and Balances, IEA (2014); World Development Indicators, WDI (2014)"
VNM,IT.CEL.SETS.P2,Vietnam Post & Telecommunications Corp. (VNPT). From 2004. Ministry of Posts and Telematics (MPT).
VNM,ST.INT.ARVL,Includes overnight visitors (tourists) and same-day visitors (excursionists). Arrivals of non-resident visitors at national borders. Including nationals residing abroad.
VNM,IT.MLT.MAIN.P2,Vietnam Post & Telecommunications Corp. (VNPT). From 2004. Ministry of Posts and Telematics (MPT).
VNM,SP.DYN.LE00.IN,Data source: United Nations World Population Prospects
VNM,IS.RRS.GOOD.MT.K6,Source: Internation Union of Railways (UIC)
VNM,ST.INT.RCPT.CD,"Compiled from data reported by the country. The expenditure figures are those provided by the country to UNWTO, which do not appear in the International Monetary Fund data."
VNM,IT.MLT.MAIN,Vietnam Post & Telecommunications Corp. (VNPT). From 2004. Ministry of Posts and Telematics (MPT).
VNM,DT.DOD.DECT.CD,"Long-term public and publicly guaranteed debt, long-term private nonguaranteed debt and short-term debt data for 2024 are based on reports provided by the country."
